[13:09:44] INFO     train/confidence_loss=0.262,                  trainer.py:799
                    train/confidence_abs_error=0.202,                           
                    train/confidence_pred_mean=0.702,                           
                    train/confidence_cumprod_bias=-0.027,                       
                    train/loss=0.636, train/ce_loss=0.762,                      
                    train/tv_loss=0.166, train/accept_rate=0.707,               
                    train/accept_len=3.868, train/full_acc=0.723,               
                    train/position_0_acc=0.866,                                 
                    train/position_1_acc=0.787,                                 
                    train/position_2_acc=0.715,                                 
                    train/position_3_acc=0.650,                                 
                    train/position_4_acc=0.599,                                 
                    train/hard_accept_len=3.951,                                
                    profile/fetch_ms=27.814,                                    
                    profile/fwd_ms=518.305,                                     
                    profile/bwd_ms=1.30e+03,                                    
                    profile/opt_ms=993.068,                                     
                    profile/step_ms=2.84e+03,                                   
                    profile/tokens_per_s=1.08e+03,                              
                    profile/fetch_frac=0.010,                                   
                    profile/grad_norm=0.479,                                    
                    profile/fetch_ms_ranks=[27.8, 17.6, 18.1,                   
                    18.3, 22.5, 20.9, 22.3, 20.7],                              
                    profile/fetch_ms_max=27.800,                                
                    profile/align_ms=1.600,                                     
                    profile/sup_tokens_ranks=[3049, 2337, 2721,                 
                    2619, 2682, 2709, 2638, 2522],                              
                    profile/sup_tokens_skew_max=1.138,                          
                    profile/sup_tokens_skew_min=0.872,                          
                    profile/sup_tokens_spread=0.268,                            
                    mem/alloc_gb=14.700, mem/reserved_gb=50.790,                
                    mem/max_alloc_gb=40.250,                                    
                    mem/max_reserved_gb=50.790, epoch=2,                        
                    lr/DistributedMuon=9.53e-04,                                
                    lr/AdamW=9.53e-05, global_step=66513                        
[13:09:46] INFO     train/confidence_loss=0.314,                  trainer.py:799
                    train/confidence_abs_error=0.234,                           
                    train/confidence_pred_mean=0.601,                           
                    train/confidence_cumprod_bias=-0.010,                       
                    train/loss=0.853, train/ce_loss=1.188,                      
                    train/tv_loss=0.234, train/accept_rate=0.596,               
                    train/accept_len=3.189, train/full_acc=0.613,               
                    train/position_0_acc=0.788,                                 
                    train/position_1_acc=0.677,                                 
                    train/position_2_acc=0.589,                                 
                    train/position_3_acc=0.536,                                 
                    train/position_4_acc=0.472,                                 
                    train/hard_accept_len=3.264,                                
                    profile/fetch_ms=27.268,                                    
                    profile/fwd_ms=519.996,                                     
                    profile/bwd_ms=1.34e+03,                                    
                    profile/opt_ms=991.722,                                     
                    profile/step_ms=2.88e+03,                                   
                    profile/tokens_per_s=1.03e+03,                              
                    profile/fetch_frac=0.009,                                   
                    profile/grad_norm=0.467,                                    
                    profile/fetch_ms_ranks=[27.3, 17.2, 18.4,                   
                    18.0, 21.7, 18.7, 21.8, 18.9],                              
                    profile/fetch_ms_max=27.300,                                
                    profile/align_ms=1.600,                                     
                    profile/sup_tokens_ranks=[2688, 2913, 2930,                 
                    2814, 2592, 2772, 2256, 2384],                              
                    profile/sup_tokens_skew_max=1.183,                          
                    profile/sup_tokens_skew_min=0.911,                          
                    profile/sup_tokens_spread=0.253,                            
                    mem/alloc_gb=14.700, mem/reserved_gb=50.790,                
                    mem/max_alloc_gb=40.250,                                    
                    mem/max_reserved_gb=50.790, epoch=2,                        
                    lr/DistributedMuon=9.53e-04,                                
                    lr/AdamW=9.53e-05, global_step=66514                        
[13:10:01] INFO     train/confidence_loss=0.244,                  trainer.py:799
                    train/confidence_abs_error=0.190,                           
                    train/confidence_pred_mean=0.743,                           
                    train/confidence_cumprod_bias=-0.005,                       
                    train/loss=0.586, train/ce_loss=0.707,                      
                    train/tv_loss=0.150, train/accept_rate=0.733,               
                    train/accept_len=4.030, train/full_acc=0.746,               
                    train/position_0_acc=0.882,                                 
                    train/position_1_acc=0.805,                                 
                    train/position_2_acc=0.739,                                 
                    train/position_3_acc=0.676,                                 
                    train/position_4_acc=0.626,                                 
                    train/hard_accept_len=4.094,                                
                    profile/fetch_ms=28.488,                                    
                    profile/fwd_ms=1.21e+04,                                    
                    profile/bwd_ms=1.30e+03,                                    
                    profile/opt_ms=992.454,                                     
                    profile/step_ms=1.45e+04,                                   
                    profile/tokens_per_s=202.598,                               
                    profile/fetch_frac=0.002,                                   
                    profile/grad_norm=0.476,                                    
                    profile/fetch_ms_ranks=[28.5, 6951.1, 19.0,                 
                    18.1, 23.1, 11580.2, 23.0, 18.5],                           
                    profile/fetch_ms_max=1.16e+04,                              
                    profile/align_ms=1.700,                                     
                    profile/sup_tokens_ranks=[2201, 1998, 2966,                 
                    2763, 2655, 2638, 1795, 2498],                              
                    profile/sup_tokens_skew_max=1.359,                          
                    profile/sup_tokens_skew_min=0.822,                          
                    profile/sup_tokens_spread=0.480,                            
                    mem/alloc_gb=14.700, mem/reserved_gb=50.790,                
                    mem/max_alloc_gb=40.250,                                    
                    mem/max_reserved_gb=50.790, epoch=2,                        
                    lr/DistributedMuon=9.53e-04,                                
                    lr/AdamW=9.53e-05, global_step=66515                        
[13:10:04] INFO     train/confidence_loss=0.305,                  trainer.py:799
                    train/confidence_abs_error=0.228,                           
                    train/confidence_pred_mean=0.626,                           
                    train/confidence_cumprod_bias=0.008,                        
                    train/loss=0.837, train/ce_loss=1.188,                      
                    train/tv_loss=0.230, train/accept_rate=0.602,               
                    train/accept_len=3.241, train/full_acc=0.616,               
                    train/position_0_acc=0.793,                                 
                    train/position_1_acc=0.680,                                 
                    train/position_2_acc=0.596,                                 
                    train/position_3_acc=0.530,                                 
                    train/position_4_acc=0.477,                                 
                    train/hard_accept_len=3.295,                                
                    profile/fetch_ms=28.207,                                    
                    profile/fwd_ms=525.879,                                     
                    profile/bwd_ms=1.32e+03,                                    
                    profile/opt_ms=990.890,                                     
                    profile/step_ms=2.87e+03,                                   
                    profile/tokens_per_s=1.02e+03,                              
                    profile/fetch_frac=0.010,                                   
                    profile/grad_norm=0.838,                                    
                    profile/fetch_ms_ranks=[28.2, 17.7, 18.7,                   
                    18.4, 22.9, 18.1, 22.7, 18.5],                              
                    profile/fetch_ms_max=28.200,                                
                    profile/align_ms=1.700,                                     
                    profile/sup_tokens_ranks=[2660, 2090, 2629,                 
                    2797, 2739, 2654, 2757, 2646],                              
                    profile/sup_tokens_skew_max=1.254,                          
                    profile/sup_tokens_skew_min=0.937,                          
                    profile/sup_tokens_spread=0.270,                            
                    mem/alloc_gb=14.700, mem/reserved_gb=50.790,                
                    mem/max_alloc_gb=40.250,                                    
                    mem/max_reserved_gb=50.790, epoch=2,                        
                    lr/DistributedMuon=9.53e-04,                                
                    lr/AdamW=9.53e-05, global_step=66516                        
[13:10:07] INFO     train/confidence_loss=0.303,                  trainer.py:799
                    train/confidence_abs_error=0.223,                           
                    train/confidence_pred_mean=0.622,                           
                    train/confidence_cumprod_bias=-0.010,                       
                    train/loss=0.818, train/ce_loss=1.109,                      
                    train/tv_loss=0.224, train/accept_rate=0.614,               
                    train/accept_len=3.291, train/full_acc=0.625,               
                    train/position_0_acc=0.788,                                 
                    train/position_1_acc=0.692,                                 
                    train/position_2_acc=0.606,                                 
                    train/position_3_acc=0.541,                                 
                    train/position_4_acc=0.498,                                 
                    train/hard_accept_len=3.353,                                
                    profile/fetch_ms=28.112,                                    
                    profile/fwd_ms=537.552,                                     
                    profile/bwd_ms=1.34e+03,                                    
                    profile/opt_ms=991.751,                                     
                    profile/step_ms=2.89e+03,                                   
                    profile/tokens_per_s=1.04e+03,                              
                    profile/fetch_frac=0.010,                                   
                    profile/grad_norm=0.493,                                    
                    profile/fetch_ms_ranks=[28.1, 17.7, 18.6,                   
                    18.3, 22.5, 18.1, 22.6, 18.0],                              
                    profile/fetch_ms_max=28.100,                                
                    profile/align_ms=1.600,                                     
                    profile/sup_tokens_ranks=[2807, 2733, 2465,                 
                    2715, 2670, 2426, 2802, 2863],                              
                    profile/sup_tokens_skew_max=1.107,                          
                    profile/sup_tokens_skew_min=0.938,                          
                    profile/sup_tokens_spread=0.163,                            
                    mem/alloc_gb=14.700, mem/reserved_gb=50.790,                
                    mem/max_alloc_gb=40.250,                                    
                    mem/max_reserved_gb=50.790, epoch=2,                        
                    lr/DistributedMuon=9.53e-04,                                
                    lr/AdamW=9.53e-05, global_step=66517                        
[13:10:10] INFO     train/confidence_loss=0.256,                  trainer.py:799
                    train/confidence_abs_error=0.203,                           
                    train/confidence_pred_mean=0.696,                           
                    train/confidence_cumprod_bias=-0.032,                       
                    train/loss=0.641, train/ce_loss=0.801,                      
                    train/tv_loss=0.168, train/accept_rate=0.705,               
                    train/accept_len=3.865, train/full_acc=0.720,               
                    train/position_0_acc=0.857,                                 
                    train/position_1_acc=0.774,                                 
                    train/position_2_acc=0.708,                                 
                    train/position_3_acc=0.652,                                 
                    train/position_4_acc=0.608,                                 
                    train/hard_accept_len=3.928,                                
                    profile/fetch_ms=28.479,                                    
                    profile/fwd_ms=538.627,                                     
                    profile/bwd_ms=1.33e+03,                                    
                    profile/opt_ms=992.562,                                     
                    profile/step_ms=2.89e+03,                                   
                    profile/tokens_per_s=1.05e+03,                              
                    profile/fetch_frac=0.010,                                   
                    profile/grad_norm=0.522,                                    
                    profile/fetch_ms_ranks=[28.5, 17.9, 18.3,                   
                    18.5, 22.7, 18.5, 22.7, 18.8],                              
                    profile/fetch_ms_max=28.500,                                
                    profile/align_ms=1.700,                                     
                    profile/sup_tokens_ranks=[2651, 2336, 2254,                 
                    2200, 2297, 3020, 2795, 2473],                              
                    profile/sup_tokens_skew_max=1.138,                          
                    profile/sup_tokens_skew_min=0.829,                          
                    profile/sup_tokens_spread=0.328,                            
                    mem/alloc_gb=14.700, mem/reserved_gb=50.790,                
                    mem/max_alloc_gb=40.250,                                    
                    mem/max_reserved_gb=50.790, epoch=2,                        
                    lr/DistributedMuon=9.53e-04,                                
                    lr/AdamW=9.53e-05, global_step=66518                        
[13:10:12] INFO     train/confidence_loss=0.262,                  trainer.py:799
                    train/confidence_abs_error=0.205,                           
                    train/confidence_pred_mean=0.697,                           
                    train/confidence_cumprod_bias=-0.037,                       
                    train/loss=0.627, train/ce_loss=0.742,                      
                    train/tv_loss=0.162, train/accept_rate=0.714,               
                    train/accept_len=3.888, train/full_acc=0.729,               
                    train/position_0_acc=0.869,                                 
                    train/position_1_acc=0.790,                                 
                    train/position_2_acc=0.730,                                 
                    train/position_3_acc=0.661,                                 
                    train/position_4_acc=0.596,                                 
                    train/hard_accept_len=3.976,                                
                    profile/fetch_ms=28.188,                                    
                    profile/fwd_ms=536.553,                                     
                    profile/bwd_ms=1.33e+03,                                    
                    profile/opt_ms=991.806,                                     
                    profile/step_ms=2.89e+03,                                   
                    profile/tokens_per_s=995.436,                               
                    profile/fetch_frac=0.010,                                   
                    profile/grad_norm=0.705,                                    
                    profile/fetch_ms_ranks=[28.2, 17.7, 18.7,                   
                    18.7, 23.0, 18.8, 22.9, 18.2],                              
                    profile/fetch_ms_max=28.200,                                
                    profile/align_ms=1.700,                                     
                    profile/sup_tokens_ranks=[2122, 2450, 2305,                 
                    2418, 2201, 2326, 2733, 2641],                              
                    profile/sup_tokens_skew_max=1.131,                          
                    profile/sup_tokens_skew_min=0.878,                          
                    profile/sup_tokens_spread=0.255,                            
                    mem/alloc_gb=14.700, mem/reserved_gb=50.790,                
                    mem/max_alloc_gb=40.250,                                    
                    mem/max_reserved_gb=50.790, epoch=2,                        
                    lr/DistributedMuon=9.53e-04,                                
                    lr/AdamW=9.53e-05, global_step=66519                        
[13:10:15] INFO     train/confidence_loss=0.283,                  trainer.py:799
                    train/confidence_abs_error=0.213,                           
                    train/confidence_pred_mean=0.632,                           
                    train/confidence_cumprod_bias=-0.034,                       
                    train/loss=0.742, train/ce_loss=0.969,                      
                    train/tv_loss=0.201, train/accept_rate=0.649,               
                    train/accept_len=3.529, train/full_acc=0.665,               
                    train/position_0_acc=0.826,                                 
                    train/position_1_acc=0.730,                                 
                    train/position_2_acc=0.647,                                 
                    train/position_3_acc=0.587,                                 
                    train/position_4_acc=0.531,                                 
                    train/hard_accept_len=3.605,                                
                    profile/fetch_ms=28.507,                                    
                    profile/fwd_ms=566.829,                                     
                    profile/bwd_ms=1.31e+03,                                    
                    profile/opt_ms=991.311,                                     
                    profile/step_ms=2.89e+03,                                   
                    profile/tokens_per_s=1.04e+03,                              
                    profile/fetch_frac=0.010,                                   
                    profile/grad_norm=0.725,                                    
                    profile/fetch_ms_ranks=[28.5, 18.9, 19.1,                   
                    18.7, 23.2, 18.7, 22.8, 18.6],                              
                    profile/fetch_ms_max=28.500,                                
                    profile/align_ms=1.700,                                     
                    profile/sup_tokens_ranks=[2744, 2393, 2718,                 
                    2720, 1805, 2670, 2847, 2863],                              
                    profile/sup_tokens_skew_max=1.438,                          
                    profile/sup_tokens_skew_min=0.906,                          
                    profile/sup_tokens_spread=0.408,                            
                    mem/alloc_gb=14.700, mem/reserved_gb=50.790,                
                    mem/max_alloc_gb=40.250,                                    
                    mem/max_reserved_gb=50.790, epoch=2,                        
                    lr/DistributedMuon=9.53e-04,                                
                    lr/AdamW=9.53e-05, global_step=66520                        
[13:10:18] INFO     train/confidence_loss=0.256,                  trainer.py:799
                    train/confidence_abs_error=0.201,                           
                    train/confidence_pred_mean=0.706,                           
                    train/confidence_cumprod_bias=-0.034,                       
                    train/loss=0.613, train/ce_loss=0.746,                      
                    train/tv_loss=0.158, train/accept_rate=0.719,               
                    train/accept_len=3.972, train/full_acc=0.735,               
                    train/position_0_acc=0.885,                                 
                    train/position_1_acc=0.796,                                 
                    train/position_2_acc=0.722,                                 
                    train/position_3_acc=0.661,                                 
                    train/position_4_acc=0.609,                                 
                    train/hard_accept_len=4.067,                                
                    profile/fetch_ms=28.401,                                    
                    profile/fwd_ms=534.650,                                     
                    profile/bwd_ms=1.33e+03,                                    
                    profile/opt_ms=1.01e+03,                                    
                    profile/step_ms=2.90e+03,                                   
                    profile/tokens_per_s=1.06e+03,                              
                    profile/fetch_frac=0.010,                                   
                    profile/grad_norm=0.608,                                    
                    profile/fetch_ms_ranks=[28.4, 18.0, 19.4,                   
                    19.7, 23.0, 20.4, 23.1, 19.5],                              
                    profile/fetch_ms_max=28.400,                                
                    profile/align_ms=1.700,                                     
                    profile/sup_tokens_ranks=[2952, 2793, 2728,                 
                    2593, 2734, 2451, 2640, 1858],                              
                    profile/sup_tokens_skew_max=1.396,                          
                    profile/sup_tokens_skew_min=0.879,                          
                    profile/sup_tokens_spread=0.422,                            
                    mem/alloc_gb=14.700, mem/reserved_gb=50.790,                
                    mem/max_alloc_gb=40.250,                                    
                    mem/max_reserved_gb=50.790, epoch=2,                        
                    lr/DistributedMuon=9.53e-04,                                
                    lr/AdamW=9.53e-05, global_step=66521                        
[13:10:21] INFO     train/confidence_loss=0.270,                  trainer.py:799
                    train/confidence_abs_error=0.205,                           
                    train/confidence_pred_mean=0.669,                           
                    train/confidence_cumprod_bias=-0.014,                       
                    train/loss=0.701, train/ce_loss=0.918,                      
                    train/tv_loss=0.189, train/accept_rate=0.667,               
                    train/accept_len=3.662, train/full_acc=0.677,               
                    train/position_0_acc=0.844,                                 
                    train/position_1_acc=0.746,                                 
                    train/position_2_acc=0.667,                                 
                    train/position_3_acc=0.591,                                 
                    train/position_4_acc=0.539,                                 
                    train/hard_accept_len=3.716,                                
                    profile/fetch_ms=28.122,                                    
                    profile/fwd_ms=518.615,                                     
                    profile/bwd_ms=1.34e+03,                                    
                    profile/opt_ms=992.088,                                     
                    profile/step_ms=2.88e+03,                                   
                    profile/tokens_per_s=978.910,                               
                    profile/fetch_frac=0.010,                                   
                    profile/grad_norm=0.440,                                    
                    profile/fetch_ms_ranks=[28.1, 17.3, 18.2,                   
                    18.3, 22.3, 20.8, 22.4, 20.6],                              
                    profile/fetch_ms_max=28.100,                                
                    profile/align_ms=1.700,                                     
                    profile/sup_tokens_ranks=[2327, 3021, 1430,                 
                    1252, 2117, 985, 1685, 2389],                               
                    profile/sup_tokens_skew_max=1.930,                          
                    profile/sup_tokens_skew_min=0.629,                          
                    profile/sup_tokens_spread=1.071,                            
                    mem/alloc_gb=14.700, mem/reserved_gb=50.790,                
                    mem/max_alloc_gb=40.250,                                    
                    mem/max_reserved_gb=50.790, epoch=2,                        
                    lr/DistributedMuon=9.53e-04,                                
                    lr/AdamW=9.53e-05, global_step=66522                        
[13:10:24] INFO     train/confidence_loss=0.258,                  trainer.py:799
                    train/confidence_abs_error=0.201,                           
                    train/confidence_pred_mean=0.707,                           
                    train/confidence_cumprod_bias=-0.015,                       
                    train/loss=0.641, train/ce_loss=0.805,                      
                    train/tv_loss=0.167, train/accept_rate=0.705,               
                    train/accept_len=3.887, train/full_acc=0.720,               
                    train/position_0_acc=0.867,                                 
                    train/position_1_acc=0.776,                                 
                    train/position_2_acc=0.709,                                 
                    train/position_3_acc=0.653,                                 
                    train/position_4_acc=0.592,                                 
                    train/hard_accept_len=3.959,                                
                    profile/fetch_ms=44.227,                                    
                    profile/fwd_ms=543.051,                                     
                    profile/bwd_ms=1.31e+03,                                    
                    profile/opt_ms=991.171,                                     
                    profile/step_ms=2.89e+03,                                   
                    profile/tokens_per_s=964.742,                               
                    profile/fetch_frac=0.015,                                   
                    profile/grad_norm=0.404,                                    
                    profile/fetch_ms_ranks=[44.2, 21.8, 35.1,                   
                    37.7, 35.6, 34.5, 35.3, 35.3],                              
                    profile/fetch_ms_max=44.200,                                
                    profile/align_ms=1.700,                                     
                    profile/sup_tokens_ranks=[2296, 2467, 2843,                 
                    2989, 2787, 2522, 2369, 2418],                              
                    profile/sup_tokens_skew_max=1.127,                          
                    profile/sup_tokens_skew_min=0.865,                          
                    profile/sup_tokens_spread=0.268,                            
                    mem/alloc_gb=14.700, mem/reserved_gb=50.790,                
                    mem/max_alloc_gb=40.250,                                    
                    mem/max_reserved_gb=50.790, epoch=2,                        
                    lr/DistributedMuon=9.53e-04,                                
                    lr/AdamW=9.53e-05, global_step=66523                        
[13:10:27] INFO     train/confidence_loss=0.293,                  trainer.py:799
                    train/confidence_abs_error=0.216,                           
                    train/confidence_pred_mean=0.627,                           
                    train/confidence_cumprod_bias=-0.011,                       
                    train/loss=0.796, train/ce_loss=1.102,                      
                    train/tv_loss=0.219, train/accept_rate=0.623,               
                    train/accept_len=3.364, train/full_acc=0.637,               
                    train/position_0_acc=0.796,                                 
                    train/position_1_acc=0.693,                                 
                    train/position_2_acc=0.618,                                 
                    train/position_3_acc=0.563,                                 
                    train/position_4_acc=0.514,                                 
                    train/hard_accept_len=3.419,                                
                    profile/fetch_ms=28.523,                                    
                    profile/fwd_ms=546.315,                                     
                    profile/bwd_ms=1.33e+03,                                    
                    profile/opt_ms=993.984,                                     
                    profile/step_ms=2.90e+03,                                   
                    profile/tokens_per_s=975.532,                               
                    profile/fetch_frac=0.010,                                   
                    profile/grad_norm=0.476,                                    
                    profile/fetch_ms_ranks=[28.5, 17.9, 18.6,                   
                    18.3, 22.6, 18.6, 22.6, 18.2],                              
                    profile/fetch_ms_max=28.500,                                
                    profile/align_ms=1.700,                                     
                    profile/sup_tokens_ranks=[2456, 2552, 2343,                 
                    2995, 2934, 2034, 2622, 2567],                              
                    profile/sup_tokens_skew_max=1.260,                          
                    profile/sup_tokens_skew_min=0.856,                          
                    profile/sup_tokens_spread=0.375,                            
                    mem/alloc_gb=14.700, mem/reserved_gb=50.790,                
                    mem/max_alloc_gb=40.250,                                    
                    mem/max_reserved_gb=50.790, epoch=2,                        
                    lr/DistributedMuon=9.53e-04,                                
                    lr/AdamW=9.53e-05, global_step=66524                        
[13:10:30] INFO     train/confidence_loss=0.268,                  trainer.py:799
                    train/confidence_abs_error=0.210,                           
                    train/confidence_pred_mean=0.696,                           
                    train/confidence_cumprod_bias=-0.022,                       
                    train/loss=0.655, train/ce_loss=0.812,                      
                    train/tv_loss=0.170, train/accept_rate=0.701,               
                    train/accept_len=3.800, train/full_acc=0.718,               
                    train/position_0_acc=0.862,                                 
                    train/position_1_acc=0.777,                                 
                    train/position_2_acc=0.710,                                 
                    train/position_3_acc=0.650,                                 
                    train/position_4_acc=0.590,                                 
                    train/hard_accept_len=3.883,                                
                    profile/fetch_ms=31.740,                                    
                    profile/fwd_ms=518.678,                                     
                    profile/bwd_ms=1.35e+03,                                    
                    profile/opt_ms=992.321,                                     
                    profile/step_ms=2.89e+03,                                   
                    profile/tokens_per_s=1.03e+03,                              
                    profile/fetch_frac=0.011,                                   
                    profile/grad_norm=0.429,                                    
                    profile/fetch_ms_ranks=[31.7, 18.0, 19.3,                   
                    18.4, 23.0, 18.4, 23.1, 18.5],                              
                    profile/fetch_ms_max=31.700,                                
                    profile/align_ms=1.700,                                     
                    profile/sup_tokens_ranks=[2391, 2195, 2130,                 
                    2495, 3023, 2895, 2717, 2676],                              
                    profile/sup_tokens_skew_max=1.204,                          
                    profile/sup_tokens_skew_min=0.849,                          
                    profile/sup_tokens_spread=0.348,                            
                    mem/alloc_gb=14.700, mem/reserved_gb=50.790,                
                    mem/max_alloc_gb=40.250,                                    
                    mem/max_reserved_gb=50.790, epoch=2,                        
                    lr/DistributedMuon=9.53e-04,                                
                    lr/AdamW=9.53e-05, global_step=66525                        
[13:10:33] INFO     train/confidence_loss=0.252,                  trainer.py:799
                    train/confidence_abs_error=0.205,                           
                    train/confidence_pred_mean=0.729,                           
                    train/confidence_cumprod_bias=-0.010,                       
                    train/loss=0.607, train/ce_loss=0.746,                      
                    train/tv_loss=0.155, train/accept_rate=0.720,               
                    train/accept_len=3.989, train/full_acc=0.736,               
                    train/position_0_acc=0.882,                                 
                    train/position_1_acc=0.806,                                 
                    train/position_2_acc=0.741,                                 
                    train/position_3_acc=0.659,                                 
                    train/position_4_acc=0.591,                                 
                    train/hard_accept_len=4.072,                                
                    profile/fetch_ms=29.902,                                    
                    profile/fwd_ms=564.610,                                     
                    profile/bwd_ms=1.31e+03,                                    
                    profile/opt_ms=992.568,                                     
                    profile/step_ms=2.90e+03,                                   
                    profile/tokens_per_s=1.04e+03,                              
                    profile/fetch_frac=0.010,                                   
                    profile/grad_norm=0.457,                                    
                    profile/fetch_ms_ranks=[29.9, 19.9, 21.3,                   
                    20.4, 23.2, 19.9, 23.1, 19.4],                              
                    profile/fetch_ms_max=29.900,                                
                    profile/align_ms=2.200,                                     
                    profile/sup_tokens_ranks=[2621, 2658, 2332,                 
                    2327, 1712, 2961, 2983, 2866],                              
                    profile/sup_tokens_skew_max=1.494,                          
                    profile/sup_tokens_skew_min=0.857,                          
                    profile/sup_tokens_spread=0.497,                            
                    mem/alloc_gb=14.700, mem/reserved_gb=50.790,                
                    mem/max_alloc_gb=40.250,                                    
                    mem/max_reserved_gb=50.790, epoch=2,                        
                    lr/DistributedMuon=9.53e-04,                                
                    lr/AdamW=9.53e-05, global_step=66526                        
[13:10:36] INFO     train/confidence_loss=0.277,                  trainer.py:799
                    train/confidence_abs_error=0.215,                           
                    train/confidence_pred_mean=0.664,                           
                    train/confidence_cumprod_bias=-0.008,                       
                    train/loss=0.733, train/ce_loss=0.992,                      
                    train/tv_loss=0.198, train/accept_rate=0.653,               
                    train/accept_len=3.576, train/full_acc=0.667,               
                    train/position_0_acc=0.846,                                 
                    train/position_1_acc=0.729,                                 
                    train/position_2_acc=0.640,                                 
                    train/position_3_acc=0.586,                                 
                    train/position_4_acc=0.531,                                 
                    train/hard_accept_len=3.646,                                
                    profile/fetch_ms=28.153,                                    
                    profile/fwd_ms=529.699,                                     
                    profile/bwd_ms=1.33e+03,                                    
                    profile/opt_ms=991.913,                                     
                    profile/step_ms=2.88e+03,                                   
                    profile/tokens_per_s=1.04e+03,                              
                    profile/fetch_frac=0.010,                                   
                    profile/grad_norm=0.519,                                    
                    profile/fetch_ms_ranks=[28.2, 17.5, 18.6,                   
                    18.2, 22.5, 17.9, 22.7, 18.1],                              
                    profile/fetch_ms_max=28.200,                                
                    profile/align_ms=1.700,                                     
                    profile/sup_tokens_ranks=[2774, 2746, 2095,                 
                    2560, 2398, 1845, 3045, 2757],                              
                    profile/sup_tokens_skew_max=1.370,                          
                    profile/sup_tokens_skew_min=0.830,                          
                    profile/sup_tokens_spread=0.475,                            
                    mem/alloc_gb=14.700, mem/reserved_gb=50.790,                
                    mem/max_alloc_gb=40.250,                                    
                    mem/max_reserved_gb=50.790, epoch=2,                        
                    lr/DistributedMuon=9.53e-04,                                
                    lr/AdamW=9.53e-05, global_step=66527                        
[13:10:38] INFO     train/confidence_loss=0.264,                  trainer.py:799
                    train/confidence_abs_error=0.204,                           
                    train/confidence_pred_mean=0.711,                           
                    train/confidence_cumprod_bias=-0.007,                       
                    train/loss=0.650, train/ce_loss=0.812,                      
                    train/tv_loss=0.170, train/accept_rate=0.702,               
                    train/accept_len=3.842, train/full_acc=0.718,               
                    train/position_0_acc=0.854,                                 
                    train/position_1_acc=0.780,                                 
                    train/position_2_acc=0.717,                                 
                    train/position_3_acc=0.646,                                 
                    train/position_4_acc=0.589,                                 
                    train/hard_accept_len=3.927,                                
                    profile/fetch_ms=28.006,                                    
                    profile/fwd_ms=537.091,                                     
                    profile/bwd_ms=1.32e+03,                                    
                    profile/opt_ms=991.522,                                     
                    profile/step_ms=2.88e+03,                                   
                    profile/tokens_per_s=1.05e+03,                              
                    profile/fetch_frac=0.010,                                   
                    profile/grad_norm=0.515,                                    
                    profile/fetch_ms_ranks=[28.0, 17.9, 18.7,                   
                    18.9, 22.2, 18.3, 22.4, 17.7],                              
                    profile/fetch_ms_max=28.000,                                
                    profile/align_ms=1.700,                                     
                    profile/sup_tokens_ranks=[2510, 2621, 2622,                 
                    1872, 2734, 2739, 2327, 2893],                              
                    profile/sup_tokens_skew_max=1.357,                          
                    profile/sup_tokens_skew_min=0.878,                          
                    profile/sup_tokens_spread=0.402,                            
                    mem/alloc_gb=14.700, mem/reserved_gb=50.790,                
                    mem/max_alloc_gb=40.250,                                    
                    mem/max_reserved_gb=50.790, epoch=2,                        
                    lr/DistributedMuon=9.53e-04,                                
                    lr/AdamW=9.53e-05, global_step=66528                        
[13:10:41] INFO     train/confidence_loss=0.266,                  trainer.py:799
                    train/confidence_abs_error=0.207,                           
                    train/confidence_pred_mean=0.687,                           
                    train/confidence_cumprod_bias=-0.014,                       
                    train/loss=0.672, train/ce_loss=0.848,                      
                    train/tv_loss=0.179, train/accept_rate=0.686,               
                    train/accept_len=3.728, train/full_acc=0.705,               
                    train/position_0_acc=0.853,                                 
                    train/position_1_acc=0.759,                                 
                    train/position_2_acc=0.705,                                 
                    train/position_3_acc=0.630,                                 
                    train/position_4_acc=0.574,                                 
                    train/hard_accept_len=3.815,                                
                    profile/fetch_ms=30.218,                                    
                    profile/fwd_ms=516.795,                                     
                    profile/bwd_ms=1.29e+03,                                    
                    profile/opt_ms=992.226,                                     
                    profile/step_ms=2.83e+03,                                   
                    profile/tokens_per_s=1.08e+03,                              
                    profile/fetch_frac=0.011,                                   
                    profile/grad_norm=0.402,                                    
                    profile/fetch_ms_ranks=[30.2, 18.0, 18.6,                   
                    18.4, 22.0, 18.1, 22.1, 18.2],                              
                    profile/fetch_ms_max=30.200,                                
                    profile/align_ms=1.700,                                     
                    profile/sup_tokens_ranks=[923, 2589, 2640,                  
                    2182, 2404, 2336, 2609, 1766],                              
                    profile/sup_tokens_skew_max=2.363,                          
                    profile/sup_tokens_skew_min=0.826,                          
                    profile/sup_tokens_spread=0.787,                            
                    mem/alloc_gb=14.700, mem/reserved_gb=50.790,                
                    mem/max_alloc_gb=40.250,                                    
                    mem/max_reserved_gb=50.790, epoch=2,                        
                    lr/DistributedMuon=9.53e-04,                                
                    lr/AdamW=9.53e-05, global_step=66529                        
[13:10:44] INFO     train/confidence_loss=0.279,                  trainer.py:799
                    train/confidence_abs_error=0.216,                           
                    train/confidence_pred_mean=0.661,                           
                    train/confidence_cumprod_bias=-0.015,                       
                    train/loss=0.726, train/ce_loss=0.973,                      
                    train/tv_loss=0.194, train/accept_rate=0.662,               
                    train/accept_len=3.591, train/full_acc=0.680,               
                    train/position_0_acc=0.835,                                 
                    train/position_1_acc=0.731,                                 
                    train/position_2_acc=0.658,                                 
                    train/position_3_acc=0.612,                                 
                    train/position_4_acc=0.562,                                 
                    train/hard_accept_len=3.662,                                
                    profile/fetch_ms=28.804,                                    
                    profile/fwd_ms=518.919,                                     
                    profile/bwd_ms=1.32e+03,                                    
                    profile/opt_ms=990.404,                                     
                    profile/step_ms=2.86e+03,                                   
                    profile/tokens_per_s=943.117,                               
                    profile/fetch_frac=0.010,                                   
                    profile/grad_norm=0.395,                                    
                    profile/fetch_ms_ranks=[28.8, 17.9, 18.8,                   
                    18.6, 22.0, 18.3, 21.8, 18.3],                              
                    profile/fetch_ms_max=28.800,                                
                    profile/align_ms=1.700,                                     
                    profile/sup_tokens_ranks=[1799, 2656, 2491,                 
                    2177, 2596, 2503, 2474, 2249],                              
                    profile/sup_tokens_skew_max=1.316,                          
                    profile/sup_tokens_skew_min=0.892,                          
                    profile/sup_tokens_spread=0.362,                            
                    mem/alloc_gb=14.700, mem/reserved_gb=50.790,                
                    mem/max_alloc_gb=40.250,                                    
                    mem/max_reserved_gb=50.790, epoch=2,                        
                    lr/DistributedMuon=9.53e-04,                                
                    lr/AdamW=9.53e-05, global_step=66530                        
[13:10:47] INFO     train/confidence_loss=0.309,                  trainer.py:799
                    train/confidence_abs_error=0.230,                           
                    train/confidence_pred_mean=0.594,                           
                    train/confidence_cumprod_bias=-0.012,                       
                    train/loss=0.860, train/ce_loss=1.211,                      
                    train/tv_loss=0.238, train/accept_rate=0.589,               
                    train/accept_len=3.184, train/full_acc=0.605,               
                    train/position_0_acc=0.778,                                 
                    train/position_1_acc=0.675,                                 
                    train/position_2_acc=0.581,                                 
                    train/position_3_acc=0.526,                                 
                    train/position_4_acc=0.465,                                 
                    train/hard_accept_len=3.252,                                
                    profile/fetch_ms=28.773,                                    
                    profile/fwd_ms=569.483,                                     
                    profile/bwd_ms=1.34e+03,                                    
                    profile/opt_ms=991.678,                                     
                    profile/step_ms=2.93e+03,                                   
                    profile/tokens_per_s=1.02e+03,                              
                    profile/fetch_frac=0.010,                                   
                    profile/grad_norm=0.442,                                    
                    profile/fetch_ms_ranks=[28.8, 18.4, 18.9,                   
                    18.2, 23.3, 18.7, 23.2, 18.1],                              
                    profile/fetch_ms_max=28.800,                                
                    profile/align_ms=1.800,                                     
                    profile/sup_tokens_ranks=[2406, 2663, 2708,                 
                    2839, 2704, 2710, 2326, 2741],                              
                    profile/sup_tokens_skew_max=1.134,                          
                    profile/sup_tokens_skew_min=0.929,                          
                    profile/sup_tokens_spread=0.195,                            
                    mem/alloc_gb=14.700, mem/reserved_gb=50.790,                
                    mem/max_alloc_gb=40.250,                                    
                    mem/max_reserved_gb=50.790, epoch=2,                        
                    lr/DistributedMuon=9.53e-04,                                
                    lr/AdamW=9.53e-05, global_step=66531                        
[13:10:50] INFO     train/confidence_loss=0.270,                  trainer.py:799
                    train/confidence_abs_error=0.214,                           
                    train/confidence_pred_mean=0.651,                           
                    train/confidence_cumprod_bias=-0.028,                       
                    train/loss=0.711, train/ce_loss=0.945,                      
                    train/tv_loss=0.192, train/accept_rate=0.663,               
                    train/accept_len=3.626, train/full_acc=0.679,               
                    train/position_0_acc=0.840,                                 
                    train/position_1_acc=0.742,                                 
                    train/position_2_acc=0.668,                                 
                    train/position_3_acc=0.602,                                 
                    train/position_4_acc=0.544,                                 
                    train/hard_accept_len=3.698,                                
                    profile/fetch_ms=28.545,                                    
                    profile/fwd_ms=543.230,                                     
                    profile/bwd_ms=1.40e+03,                                    
                    profile/opt_ms=994.567,                                     
                    profile/step_ms=2.97e+03,                                   
                    profile/tokens_per_s=914.596,                               
                    profile/fetch_frac=0.010,                                   
                    profile/grad_norm=0.554,                                    
                    profile/fetch_ms_ranks=[28.5, 17.5, 18.6,                   
                    18.4, 22.2, 18.0, 22.8, 18.0],                              
                    profile/fetch_ms_max=28.500,                                
                    profile/align_ms=1.900,                                     
                    profile/sup_tokens_ranks=[2022, 1512, 1140,                 
                    3034, 2107, 2608, 2569, 2440],                              
                    profile/sup_tokens_skew_max=1.911,                          
                    profile/sup_tokens_skew_min=0.718,                          
                    profile/sup_tokens_spread=0.869,                            
                    mem/alloc_gb=14.700, mem/reserved_gb=50.790,                
                    mem/max_alloc_gb=40.250,                                    
                    mem/max_reserved_gb=50.790, epoch=2,                        
                    lr/DistributedMuon=9.53e-04,                                
                    lr/AdamW=9.53e-05, global_step=66532                        
[13:10:53] INFO     train/confidence_loss=0.301,                  trainer.py:799
                    train/confidence_abs_error=0.225,                           
                    train/confidence_pred_mean=0.636,                           
                    train/confidence_cumprod_bias=-0.010,                       
                    train/loss=0.784, train/ce_loss=1.023,                      
                    train/tv_loss=0.212, train/accept_rate=0.632,               
                    train/accept_len=3.371, train/full_acc=0.649,               
                    train/position_0_acc=0.808,                                 
                    train/position_1_acc=0.710,                                 
                    train/position_2_acc=0.631,                                 
                    train/position_3_acc=0.580,                                 
                    train/position_4_acc=0.516,                                 
                    train/hard_accept_len=3.428,                                
                    profile/fetch_ms=28.498,                                    
                    profile/fwd_ms=517.943,                                     
                    profile/bwd_ms=1.31e+03,                                    
                    profile/opt_ms=992.158,                                     
                    profile/step_ms=2.85e+03,                                   
                    profile/tokens_per_s=1.05e+03,                              
                    profile/fetch_frac=0.010,                                   
                    profile/grad_norm=0.477,                                    
                    profile/fetch_ms_ranks=[28.5, 18.1, 19.4,                   
                    18.8, 23.3, 19.9, 23.2, 19.2],                              
                    profile/fetch_ms_max=28.500,                                
                    profile/align_ms=1.700,                                     
                    profile/sup_tokens_ranks=[2783, 2205, 2736,                 
                    2284, 2944, 2866, 2898, 2400],                              
                    profile/sup_tokens_skew_max=1.197,                          
                    profile/sup_tokens_skew_min=0.897,                          
                    profile/sup_tokens_spread=0.280,                            
                    mem/alloc_gb=14.700, mem/reserved_gb=50.790,                
                    mem/max_alloc_gb=40.250,                                    
                    mem/max_reserved_gb=50.790, epoch=2,                        
                    lr/DistributedMuon=9.53e-04,                                
                    lr/AdamW=9.53e-05, global_step=66533                        
[13:10:56] INFO     train/confidence_loss=0.305,                  trainer.py:799
                    train/confidence_abs_error=0.227,                           
                    train/confidence_pred_mean=0.606,                           
                    train/confidence_cumprod_bias=-0.004,                       
                    train/loss=0.842, train/ce_loss=1.188,                      
                    train/tv_loss=0.233, train/accept_rate=0.599,               
                    train/accept_len=3.215, train/full_acc=0.613,               
                    train/position_0_acc=0.788,                                 
                    train/position_1_acc=0.673,                                 
                    train/position_2_acc=0.596,                                 
                    train/position_3_acc=0.537,                                 
                    train/position_4_acc=0.473,                                 
                    train/hard_accept_len=3.268,                                
                    profile/fetch_ms=28.676,                                    
                    profile/fwd_ms=581.166,                                     
                    profile/bwd_ms=1.31e+03,                                    
                    profile/opt_ms=990.682,                                     
                    profile/step_ms=2.91e+03,                                   
                    profile/tokens_per_s=956.769,                               
                    profile/fetch_frac=0.010,                                   
                    profile/grad_norm=0.462,                                    
                    profile/fetch_ms_ranks=[28.7, 18.5, 18.8,                   
                    18.6, 23.1, 19.5, 23.0, 19.6],                              
                    profile/fetch_ms_max=28.700,                                
                    profile/align_ms=1.700,                                     
                    profile/sup_tokens_ranks=[1925, 1828, 2762,                 
                    2678, 2620, 2865, 2516, 2706],                              
                    profile/sup_tokens_skew_max=1.361,                          
                    profile/sup_tokens_skew_min=0.868,                          
                    profile/sup_tokens_spread=0.417,                            
                    mem/alloc_gb=14.700, mem/reserved_gb=50.790,                
                    mem/max_alloc_gb=40.250,                                    
                    mem/max_reserved_gb=50.790, epoch=2,                        
                    lr/DistributedMuon=9.53e-04,                                
                    lr/AdamW=9.53e-05, global_step=66534                        
[13:10:59] INFO     train/confidence_loss=0.279,                  trainer.py:799
                    train/confidence_abs_error=0.215,                           
                    train/confidence_pred_mean=0.653,                           
                    train/confidence_cumprod_bias=-0.033,                       
                    train/loss=0.717, train/ce_loss=0.922,                      
                    train/tv_loss=0.192, train/accept_rate=0.665,               
                    train/accept_len=3.631, train/full_acc=0.683,               
                    train/position_0_acc=0.841,                                 
                    train/position_1_acc=0.743,                                 
                    train/position_2_acc=0.667,                                 
                    train/position_3_acc=0.603,                                 
                    train/position_4_acc=0.558,                                 
                    train/hard_accept_len=3.713,                                
                    profile/fetch_ms=28.151,                                    
                    profile/fwd_ms=819.507,                                     
                    profile/bwd_ms=1.30e+03,                                    
                    profile/opt_ms=994.383,                                     
                    profile/step_ms=3.14e+03,                                   
                    profile/tokens_per_s=957.983,                               
                    profile/fetch_frac=0.009,                                   
                    profile/grad_norm=0.592,                                    
                    profile/fetch_ms_ranks=[28.2, 17.4, 17.8,                   
                    18.1, 23.0, 21.1, 22.2, 20.9],                              
                    profile/fetch_ms_max=28.200,                                
                    profile/align_ms=1.700,                                     
                    profile/sup_tokens_ranks=[2735, 2613, 2868,                 
                    2434, 2820, 2590, 3037, 2875],                              
                    profile/sup_tokens_skew_max=1.128,                          
                    profile/sup_tokens_skew_min=0.904,                          
                    profile/sup_tokens_spread=0.220,                            
                    mem/alloc_gb=14.700, mem/reserved_gb=50.790,                
                    mem/max_alloc_gb=40.250,                                    
                    mem/max_reserved_gb=50.790, epoch=2,                        
                    lr/DistributedMuon=9.53e-04,                                
                    lr/AdamW=9.53e-05, global_step=66535                        
[13:11:02] INFO     train/confidence_loss=0.287,                  trainer.py:799
                    train/confidence_abs_error=0.217,                           
                    train/confidence_pred_mean=0.644,                           
                    train/confidence_cumprod_bias=-0.023,                       
                    train/loss=0.751, train/ce_loss=0.996,                      
                    train/tv_loss=0.202, train/accept_rate=0.650,               
                    train/accept_len=3.503, train/full_acc=0.664,               
                    train/position_0_acc=0.824,                                 
                    train/position_1_acc=0.725,                                 
                    train/position_2_acc=0.639,                                 
                    train/position_3_acc=0.592,                                 
                    train/position_4_acc=0.539,                                 
                    train/hard_accept_len=3.575,                                
                    profile/fetch_ms=27.578,                                    
                    profile/fwd_ms=568.690,                                     
                    profile/bwd_ms=1.35e+03,                                    
                    profile/opt_ms=991.956,                                     
                    profile/step_ms=2.93e+03,                                   
                    profile/tokens_per_s=971.464,                               
                    profile/fetch_frac=0.009,                                   
                    profile/grad_norm=0.449,                                    
                    profile/fetch_ms_ranks=[27.6, 17.5, 18.6,                   
                    18.4, 22.0, 18.2, 22.5, 18.1],                              
                    profile/fetch_ms_max=27.600,                                
                    profile/align_ms=1.600,                                     
                    profile/sup_tokens_ranks=[2551, 1483, 2078,                 
                    2286, 1489, 1563, 1610, 2939],                              
                    profile/sup_tokens_skew_max=1.349,                          
                    profile/sup_tokens_skew_min=0.680,                          
                    profile/sup_tokens_spread=0.728,                            
                    mem/alloc_gb=14.700, mem/reserved_gb=50.790,                
                    mem/max_alloc_gb=40.250,                                    
                    mem/max_reserved_gb=50.790, epoch=2,                        
                    lr/DistributedMuon=9.53e-04,                                
                    lr/AdamW=9.53e-05, global_step=66536                        
[13:11:05] INFO     train/confidence_loss=0.270,                  trainer.py:799
                    train/confidence_abs_error=0.211,                           
                    train/confidence_pred_mean=0.664,                           
                    train/confidence_cumprod_bias=-0.031,                       
                    train/loss=0.697, train/ce_loss=0.922,                      
                    train/tv_loss=0.186, train/accept_rate=0.673,               
                    train/accept_len=3.673, train/full_acc=0.686,               
                    train/position_0_acc=0.851,                                 
                    train/position_1_acc=0.751,                                 
                    train/position_2_acc=0.661,                                 
                    train/position_3_acc=0.603,                                 
                    train/position_4_acc=0.560,                                 
                    train/hard_accept_len=3.740,                                
                    profile/fetch_ms=28.219,                                    
                    profile/fwd_ms=541.405,                                     
                    profile/bwd_ms=1.31e+03,                                    
                    profile/opt_ms=991.269,                                     
                    profile/step_ms=2.87e+03,                                   
                    profile/tokens_per_s=9.99e+02,                              
                    profile/fetch_frac=0.010,                                   
                    profile/grad_norm=0.529,                                    
                    profile/fetch_ms_ranks=[28.2, 18.2, 19.1,                   
                    19.4, 19.2, 18.7, 18.8, 19.1],                              
                    profile/fetch_ms_max=28.200,                                
                    profile/align_ms=1.500,                                     
                    profile/sup_tokens_ranks=[2719, 2526, 2485,                 
                    2560, 2005, 2585, 2420, 1998],                              
                    profile/sup_tokens_skew_max=1.207,                          
                    profile/sup_tokens_skew_min=0.887,                          
                    profile/sup_tokens_spread=0.299,                            
                    mem/alloc_gb=14.700, mem/reserved_gb=50.790,                
                    mem/max_alloc_gb=40.250,                                    
                    mem/max_reserved_gb=50.790, epoch=2,                        
                    lr/DistributedMuon=9.53e-04,                                
                    lr/AdamW=9.53e-05, global_step=66537                        
[13:11:08] INFO     train/confidence_loss=0.268,                  trainer.py:799
                    train/confidence_abs_error=0.206,                           
                    train/confidence_pred_mean=0.682,                           
                    train/confidence_cumprod_bias=-0.005,                       
                    train/loss=0.700, train/ce_loss=0.938,                      
                    train/tv_loss=0.189, train/accept_rate=0.670,               
                    train/accept_len=3.687, train/full_acc=0.687,               
                    train/position_0_acc=0.842,                                 
                    train/position_1_acc=0.752,                                 
                    train/position_2_acc=0.670,                                 
                    train/position_3_acc=0.615,                                 
                    train/position_4_acc=0.555,                                 
                    train/hard_accept_len=3.755,                                
                    profile/fetch_ms=28.159,                                    
                    profile/fwd_ms=526.036,                                     
                    profile/bwd_ms=1.31e+03,                                    
                    profile/opt_ms=991.256,                                     
                    profile/step_ms=2.85e+03,                                   
                    profile/tokens_per_s=1.06e+03,                              
                    profile/fetch_frac=0.010,                                   
                    profile/grad_norm=0.491,                                    
                    profile/fetch_ms_ranks=[28.2, 18.0, 19.0,                   
                    18.7, 22.7, 18.1, 22.9, 18.3],                              
                    profile/fetch_ms_max=28.200,                                
                    profile/align_ms=1.500,                                     
                    profile/sup_tokens_ranks=[2841, 3032, 2922,                 
                    3031, 2900, 2742, 2757, 2861],                              
                    profile/sup_tokens_skew_max=1.052,                          
                    profile/sup_tokens_skew_min=0.952,                          
                    profile/sup_tokens_spread=0.101,                            
                    mem/alloc_gb=14.700, mem/reserved_gb=50.790,                
                    mem/max_alloc_gb=40.250,                                    
                    mem/max_reserved_gb=50.790, epoch=2,                        
                    lr/DistributedMuon=9.53e-04,                                
                    lr/AdamW=9.53e-05, global_step=66538                        
[13:11:11] INFO     train/confidence_loss=0.264,                  trainer.py:799
                    train/confidence_abs_error=0.204,                           
                    train/confidence_pred_mean=0.687,                           
                    train/confidence_cumprod_bias=-0.026,                       
                    train/loss=0.666, train/ce_loss=0.852,                      
                    train/tv_loss=0.177, train/accept_rate=0.691,               
                    train/accept_len=3.787, train/full_acc=0.706,               
                    train/position_0_acc=0.851,                                 
                    train/position_1_acc=0.761,                                 
                    train/position_2_acc=0.695,                                 
                    train/position_3_acc=0.640,                                 
                    train/position_4_acc=0.580,                                 
                    train/hard_accept_len=3.879,                                
                    profile/fetch_ms=29.072,                                    
                    profile/fwd_ms=1.40e+03,                                    
                    profile/bwd_ms=1.33e+03,                                    
                    profile/opt_ms=993.059,                                     
                    profile/step_ms=3.75e+03,                                   
                    profile/tokens_per_s=725.072,                               
                    profile/fetch_frac=0.008,                                   
                    profile/grad_norm=0.406,                                    
                    profile/fetch_ms_ranks=[29.1, 18.1, 18.9,                   
                    18.7, 23.0, 831.2, 22.7, 18.8],                             
                    profile/fetch_ms_max=831.200,                               
                    profile/align_ms=1.500,                                     
                    profile/sup_tokens_ranks=[2207, 2164, 2947,                 
                    2992, 1989, 2374, 2126, 2346],                              
                    profile/sup_tokens_skew_max=1.203,                          
                    profile/sup_tokens_skew_min=0.800,                          
                    profile/sup_tokens_spread=0.419,                            
                    mem/alloc_gb=14.700, mem/reserved_gb=50.790,                
                    mem/max_alloc_gb=40.250,                                    
                    mem/max_reserved_gb=50.790, epoch=2,                        
                    lr/DistributedMuon=9.53e-04,                                
                    lr/AdamW=9.53e-05, global_step=66539                        
[13:11:14] INFO     train/confidence_loss=0.322,                  trainer.py:799
                    train/confidence_abs_error=0.239,                           
                    train/confidence_pred_mean=0.575,                           
                    train/confidence_cumprod_bias=-0.010,                       
                    train/loss=0.905, train/ce_loss=1.289,                      
                    train/tv_loss=0.251, train/accept_rate=0.568,               
                    train/accept_len=3.022, train/full_acc=0.588,               
                    train/position_0_acc=0.771,                                 
                    train/position_1_acc=0.654,                                 
                    train/position_2_acc=0.572,                                 
                    train/position_3_acc=0.489,                                 
                    train/position_4_acc=0.451,                                 
                    train/hard_accept_len=3.091,                                
                    profile/fetch_ms=27.910,                                    
                    profile/fwd_ms=533.462,                                     
                    profile/bwd_ms=1.37e+03,                                    
                    profile/opt_ms=991.280,                                     
                    profile/step_ms=2.93e+03,                                   
                    profile/tokens_per_s=993.400,                               
                    profile/fetch_frac=0.010,                                   
                    profile/grad_norm=0.497,                                    
                    profile/fetch_ms_ranks=[27.9, 17.6, 18.8,                   
                    18.4, 22.2, 21.9, 22.7, 22.2],                              
                    profile/fetch_ms_max=27.900,                                
                    profile/align_ms=1.700,                                     
                    profile/sup_tokens_ranks=[2173, 2538, 2782,                 
                    2664, 2801, 2313, 2424, 2747],                              
                    profile/sup_tokens_skew_max=1.176,                          
                    profile/sup_tokens_skew_min=0.912,                          
                    profile/sup_tokens_spread=0.246,                            
                    mem/alloc_gb=14.700, mem/reserved_gb=50.790,                
                    mem/max_alloc_gb=40.250,                                    
                    mem/max_reserved_gb=50.790, epoch=2,                        
                    lr/DistributedMuon=9.53e-04,                                
                    lr/AdamW=9.53e-05, global_step=66540                        
[13:11:17] INFO     train/confidence_loss=0.270,                  trainer.py:799
                    train/confidence_abs_error=0.211,                           
                    train/confidence_pred_mean=0.688,                           
                    train/confidence_cumprod_bias=-0.014,                       
                    train/loss=0.680, train/ce_loss=0.859,                      
                    train/tv_loss=0.180, train/accept_rate=0.683,               
                    train/accept_len=3.728, train/full_acc=0.700,               
                    train/position_0_acc=0.855,                                 
                    train/position_1_acc=0.767,                                 
                    train/position_2_acc=0.686,                                 
                    train/position_3_acc=0.619,                                 
                    train/position_4_acc=0.574,                                 
                    train/hard_accept_len=3.812,                                
                    profile/fetch_ms=27.004,                                    
                    profile/fwd_ms=555.290,                                     
                    profile/bwd_ms=1.38e+03,                                    
                    profile/opt_ms=990.790,                                     
                    profile/step_ms=2.95e+03,                                   
                    profile/tokens_per_s=1.03e+03,                              
                    profile/fetch_frac=0.009,                                   
                    profile/grad_norm=0.416,                                    
                    profile/fetch_ms_ranks=[27.0, 17.8, 18.5,                   
                    18.5, 19.5, 18.1, 19.3, 18.2],                              
                    profile/fetch_ms_max=27.000,                                
                    profile/align_ms=1.600,                                     
                    profile/sup_tokens_ranks=[1873, 2614, 2221,                 
                    1754, 2945, 2862, 2722, 2763],                              
                    profile/sup_tokens_skew_max=1.408,                          
                    profile/sup_tokens_skew_min=0.839,                          
                    profile/sup_tokens_spread=0.482,                            
                    mem/alloc_gb=14.700, mem/reserved_gb=50.790,                
                    mem/max_alloc_gb=40.250,                                    
                    mem/max_reserved_gb=50.790, epoch=2,                        
                    lr/DistributedMuon=9.53e-04,                                
                    lr/AdamW=9.53e-05, global_step=66541                        
[13:11:20] INFO     train/confidence_loss=0.285,                  trainer.py:799
                    train/confidence_abs_error=0.217,                           
                    train/confidence_pred_mean=0.666,                           
                    train/confidence_cumprod_bias=0.014,                        
                    train/loss=0.752, train/ce_loss=1.023,                      
                    train/tv_loss=0.203, train/accept_rate=0.644,               
                    train/accept_len=3.498, train/full_acc=0.660,               
                    train/position_0_acc=0.833,                                 
                    train/position_1_acc=0.726,                                 
                    train/position_2_acc=0.642,                                 
                    train/position_3_acc=0.579,                                 
                    train/position_4_acc=0.521,                                 
                    train/hard_accept_len=3.548,                                
                    profile/fetch_ms=30.925,                                    
                    profile/fwd_ms=597.283,                                     
                    profile/bwd_ms=1.32e+03,                                    
                    profile/opt_ms=991.301,                                     
                    profile/step_ms=2.94e+03,                                   
                    profile/tokens_per_s=1.00e+03,                              
                    profile/fetch_frac=0.011,                                   
                    profile/grad_norm=0.825,                                    
                    profile/fetch_ms_ranks=[30.9, 18.5, 19.1,                   
                    19.6, 26.3, 19.0, 26.3, 19.9],                              
                    profile/fetch_ms_max=30.900,                                
                    profile/align_ms=2.000,                                     
                    profile/sup_tokens_ranks=[2381, 2526, 2030,                 
                    2675, 2426, 3045, 1674, 2621],                              
                    profile/sup_tokens_skew_max=1.447,                          
                    profile/sup_tokens_skew_min=0.795,                          
                    profile/sup_tokens_spread=0.566,                            
                    mem/alloc_gb=14.700, mem/reserved_gb=50.790,                
                    mem/max_alloc_gb=40.250,                                    
                    mem/max_reserved_gb=50.790, epoch=2,                        
                    lr/DistributedMuon=9.53e-04,                                
                    lr/AdamW=9.53e-05, global_step=66542                        
[13:11:23] INFO     train/confidence_loss=0.256,                  trainer.py:799
                    train/confidence_abs_error=0.195,                           
                    train/confidence_pred_mean=0.713,                           
                    train/confidence_cumprod_bias=-0.012,                       
                    train/loss=0.633, train/ce_loss=0.777,                      
                    train/tv_loss=0.167, train/accept_rate=0.709,               
                    train/accept_len=3.872, train/full_acc=0.724,               
                    train/position_0_acc=0.861,                                 
                    train/position_1_acc=0.775,                                 
                    train/position_2_acc=0.718,                                 
                    train/position_3_acc=0.655,                                 
                    train/position_4_acc=0.609,                                 
                    train/hard_accept_len=3.961,                                
                    profile/fetch_ms=27.894,                                    
                    profile/fwd_ms=546.972,                                     
                    profile/bwd_ms=1.30e+03,                                    
                    profile/opt_ms=991.976,                                     
                    profile/step_ms=2.86e+03,                                   
                    profile/tokens_per_s=1.02e+03,                              
                    profile/fetch_frac=0.010,                                   
                    profile/grad_norm=0.390,                                    
                    profile/fetch_ms_ranks=[27.9, 17.3, 18.3,                   
                    18.0, 19.2, 21.4, 18.9, 21.1],                              
                    profile/fetch_ms_max=27.900,                                
                    profile/align_ms=1.500,                                     
                    profile/sup_tokens_ranks=[2046, 2602, 2701,                 
                    2633, 2171, 1828, 1936, 2550],                              
                    profile/sup_tokens_skew_max=1.263,                          
                    profile/sup_tokens_skew_min=0.855,                          
                    profile/sup_tokens_spread=0.378,                            
                    mem/alloc_gb=14.700, mem/reserved_gb=50.790,                
                    mem/max_alloc_gb=40.250,                                    
                    mem/max_reserved_gb=50.790, epoch=2,                        
                    lr/DistributedMuon=9.52e-04,                                
                    lr/AdamW=9.52e-05, global_step=66543                        
[13:11:26] INFO     train/confidence_loss=0.252,                  trainer.py:799
                    train/confidence_abs_error=0.198,                           
                    train/confidence_pred_mean=0.726,                           
                    train/confidence_cumprod_bias=-0.011,                       
                    train/loss=0.606, train/ce_loss=0.727,                      
                    train/tv_loss=0.156, train/accept_rate=0.724,               
                    train/accept_len=3.963, train/full_acc=0.740,               
                    train/position_0_acc=0.876,                                 
                    train/position_1_acc=0.796,                                 
                    train/position_2_acc=0.728,                                 
                    train/position_3_acc=0.672,                                 
                    train/position_4_acc=0.626,                                 
                    train/hard_accept_len=4.053,                                
                    profile/fetch_ms=28.553,                                    
                    profile/fwd_ms=550.045,                                     
                    profile/bwd_ms=1.29e+03,                                    
                    profile/opt_ms=991.086,                                     
                    profile/step_ms=2.86e+03,                                   
                    profile/tokens_per_s=1.02e+03,                              
                    profile/fetch_frac=0.010,                                   
                    profile/grad_norm=0.381,                                    
                    profile/fetch_ms_ranks=[28.6, 18.9, 20.7,                   
                    19.4, 23.0, 19.7, 24.1, 20.4],                              
                    profile/fetch_ms_max=28.600,                                
                    profile/align_ms=1.700,                                     
                    profile/sup_tokens_ranks=[2670, 2587, 2620,                 
                    2063, 2169, 2391, 2286, 2960],                              
                    profile/sup_tokens_skew_max=1.196,                          
                    profile/sup_tokens_skew_min=0.834,                          
                    profile/sup_tokens_spread=0.363,                            
                    mem/alloc_gb=14.700, mem/reserved_gb=50.790,                
                    mem/max_alloc_gb=40.250,                                    
                    mem/max_reserved_gb=50.790, epoch=2,                        
                    lr/DistributedMuon=9.52e-04,                                
                    lr/AdamW=9.52e-05, global_step=66544                        
[13:11:29] INFO     train/confidence_loss=0.316,                  trainer.py:799
                    train/confidence_abs_error=0.231,                           
                    train/confidence_pred_mean=0.602,                           
                    train/confidence_cumprod_bias=-0.014,                       
                    train/loss=0.845, train/ce_loss=1.133,                      
                    train/tv_loss=0.231, train/accept_rate=0.602,               
                    train/accept_len=3.198, train/full_acc=0.620,               
                    train/position_0_acc=0.792,                                 
                    train/position_1_acc=0.693,                                 
                    train/position_2_acc=0.599,                                 
                    train/position_3_acc=0.533,                                 
                    train/position_4_acc=0.481,                                 
                    train/hard_accept_len=3.273,                                
                    profile/fetch_ms=28.698,                                    
                    profile/fwd_ms=529.814,                                     
                    profile/bwd_ms=1.32e+03,                                    
                    profile/opt_ms=992.931,                                     
                    profile/step_ms=2.87e+03,                                   
                    profile/tokens_per_s=1.07e+03,                              
                    profile/fetch_frac=0.010,                                   
                    profile/grad_norm=0.433,                                    
                    profile/fetch_ms_ranks=[28.7, 18.5, 19.3,                   
                    19.1, 23.3, 18.7, 23.2, 18.3],                              
                    profile/fetch_ms_max=28.700,                                
                    profile/align_ms=1.700,                                     
                    profile/sup_tokens_ranks=[2708, 2971, 2822,                 
                    2740, 2491, 2643, 2501, 2518],                              
                    profile/sup_tokens_skew_max=1.074,                          
                    profile/sup_tokens_skew_min=0.900,                          
                    profile/sup_tokens_spread=0.179,                            
                    mem/alloc_gb=14.700, mem/reserved_gb=50.790,                
                    mem/max_alloc_gb=40.250,                                    
                    mem/max_reserved_gb=50.790, epoch=2,                        
                    lr/DistributedMuon=9.52e-04,                                
                    lr/AdamW=9.52e-05, global_step=66545                        
[13:11:32] INFO     train/confidence_loss=0.320,                  trainer.py:799
                    train/confidence_abs_error=0.235,                           
                    train/confidence_pred_mean=0.576,                           
                    train/confidence_cumprod_bias=-0.017,                       
                    train/loss=0.874, train/ce_loss=1.203,                      
                    train/tv_loss=0.240, train/accept_rate=0.584,               
                    train/accept_len=3.126, train/full_acc=0.602,               
                    train/position_0_acc=0.789,                                 
                    train/position_1_acc=0.668,                                 
                    train/position_2_acc=0.582,                                 
                    train/position_3_acc=0.511,                                 
                    train/position_4_acc=0.461,                                 
                    train/hard_accept_len=3.198,                                
                    profile/fetch_ms=27.086,                                    
                    profile/fwd_ms=525.490,                                     
                    profile/bwd_ms=1.32e+03,                                    
                    profile/opt_ms=991.955,                                     
                    profile/step_ms=2.86e+03,                                   
                    profile/tokens_per_s=1.02e+03,                              
                    profile/fetch_frac=0.009,                                   
                    profile/grad_norm=0.494,                                    
                    profile/fetch_ms_ranks=[27.1, 16.9, 17.8,                   
                    17.8, 21.2, 17.6, 21.2, 17.8],                              
                    profile/fetch_ms_max=27.100,                                
                    profile/align_ms=1.500,                                     
                    profile/sup_tokens_ranks=[2789, 2741, 2770,                 
                    2301, 2629, 2102, 2851, 2674],                              
                    profile/sup_tokens_skew_max=1.240,                          
                    profile/sup_tokens_skew_min=0.914,                          
                    profile/sup_tokens_spread=0.287,                            
                    mem/alloc_gb=14.700, mem/reserved_gb=50.790,                
                    mem/max_alloc_gb=40.250,                                    
                    mem/max_reserved_gb=50.790, epoch=2,                        
                    lr/DistributedMuon=9.52e-04,                                
                    lr/AdamW=9.52e-05, global_step=66546                        
[13:11:35] INFO     train/confidence_loss=0.275,                  trainer.py:799
                    train/confidence_abs_error=0.204,                           
                    train/confidence_pred_mean=0.665,                           
                    train/confidence_cumprod_bias=-0.025,                       
                    train/loss=0.702, train/ce_loss=0.883,                      
                    train/tv_loss=0.187, train/accept_rate=0.675,               
                    train/accept_len=3.653, train/full_acc=0.690,               
                    train/position_0_acc=0.834,                                 
                    train/position_1_acc=0.748,                                 
                    train/position_2_acc=0.667,                                 
                    train/position_3_acc=0.632,                                 
                    train/position_4_acc=0.567,                                 
                    train/hard_accept_len=3.735,                                
                    profile/fetch_ms=28.593,                                    
                    profile/fwd_ms=605.232,                                     
                    profile/bwd_ms=1.35e+03,                                    
                    profile/opt_ms=990.305,                                     
                    profile/step_ms=2.98e+03,                                   
                    profile/tokens_per_s=896.364,                               
                    profile/fetch_frac=0.010,                                   
                    profile/grad_norm=0.519,                                    
                    profile/fetch_ms_ranks=[28.6, 18.3, 18.7,                   
                    19.1, 22.4, 18.8, 22.0, 19.5],                              
                    profile/fetch_ms_max=28.600,                                
                    profile/align_ms=1.800,                                     
                    profile/sup_tokens_ranks=[2535, 2633, 2479,                 
                    2456, 2484, 1202, 2213, 2308],                              
                    profile/sup_tokens_skew_max=1.904,                          
                    profile/sup_tokens_skew_min=0.869,                          
                    profile/sup_tokens_spread=0.625,                            
                    mem/alloc_gb=14.700, mem/reserved_gb=50.790,                
                    mem/max_alloc_gb=40.250,                                    
                    mem/max_reserved_gb=50.790, epoch=2,                        
                    lr/DistributedMuon=9.52e-04,                                
                    lr/AdamW=9.52e-05, global_step=66547                        
[13:11:37] INFO     train/confidence_loss=0.285,                  trainer.py:799
                    train/confidence_abs_error=0.215,                           
                    train/confidence_pred_mean=0.658,                           
                    train/confidence_cumprod_bias=-0.026,                       
                    train/loss=0.716, train/ce_loss=0.910,                      
                    train/tv_loss=0.189, train/accept_rate=0.671,               
                    train/accept_len=3.623, train/full_acc=0.688,               
                    train/position_0_acc=0.830,                                 
                    train/position_1_acc=0.746,                                 
                    train/position_2_acc=0.682,                                 
                    train/position_3_acc=0.611,                                 
                    train/position_4_acc=0.568,                                 
                    train/hard_accept_len=3.692,                                
                    profile/fetch_ms=27.903,                                    
                    profile/fwd_ms=532.588,                                     
                    profile/bwd_ms=1.33e+03,                                    
                    profile/opt_ms=996.010,                                     
                    profile/step_ms=2.88e+03,                                   
                    profile/tokens_per_s=990.492,                               
                    profile/fetch_frac=0.010,                                   
                    profile/grad_norm=0.604,                                    
                    profile/fetch_ms_ranks=[27.9, 17.4, 18.6,                   
                    17.7, 22.5, 18.1, 22.6, 18.1],                              
                    profile/fetch_ms_max=27.900,                                
                    profile/align_ms=1.700,                                     
                    profile/sup_tokens_ranks=[2510, 2380, 1970,                 
                    2467, 2487, 2685, 2331, 2167],                              
                    profile/sup_tokens_skew_max=1.205,                          
                    profile/sup_tokens_skew_min=0.884,                          
                    profile/sup_tokens_spread=0.301,                            
                    mem/alloc_gb=14.700, mem/reserved_gb=50.790,                
                    mem/max_alloc_gb=40.250,                                    
                    mem/max_reserved_gb=50.790, epoch=2,                        
                    lr/DistributedMuon=9.52e-04,                                
                    lr/AdamW=9.52e-05, global_step=66548                        
[13:11:40] INFO     train/confidence_loss=0.256,                  trainer.py:799
                    train/confidence_abs_error=0.196,                           
                    train/confidence_pred_mean=0.696,                           
                    train/confidence_cumprod_bias=-0.026,                       
                    train/loss=0.637, train/ce_loss=0.789,                      
                    train/tv_loss=0.168, train/accept_rate=0.705,               
                    train/accept_len=3.877, train/full_acc=0.720,               
                    train/position_0_acc=0.860,                                 
                    train/position_1_acc=0.775,                                 
                    train/position_2_acc=0.708,                                 
                    train/position_3_acc=0.654,                                 
                    train/position_4_acc=0.603,                                 
                    train/hard_accept_len=3.948,                                
                    profile/fetch_ms=27.293,                                    
                    profile/fwd_ms=532.353,                                     
                    profile/bwd_ms=1.36e+03,                                    
                    profile/opt_ms=991.735,                                     
                    profile/step_ms=2.91e+03,                                   
                    profile/tokens_per_s=976.589,                               
                    profile/fetch_frac=0.009,                                   
                    profile/grad_norm=0.495,                                    
                    profile/fetch_ms_ranks=[27.3, 17.8, 18.0,                   
                    18.1, 19.6, 18.3, 18.9, 18.0],                              
                    profile/fetch_ms_max=27.300,                                
                    profile/align_ms=1.800,                                     
                    profile/sup_tokens_ranks=[2337, 2443, 1829,                 
                    2327, 2989, 2700, 2611, 2403],                              
                    profile/sup_tokens_skew_max=1.342,                          
                    profile/sup_tokens_skew_min=0.821,                          
                    profile/sup_tokens_spread=0.472,                            
                    mem/alloc_gb=14.700, mem/reserved_gb=50.790,                
                    mem/max_alloc_gb=40.250,                                    
                    mem/max_reserved_gb=50.790, epoch=2,                        
                    lr/DistributedMuon=9.52e-04,                                
                    lr/AdamW=9.52e-05, global_step=66549                        
[13:11:43] INFO     train/confidence_loss=0.275,                  trainer.py:799
                    train/confidence_abs_error=0.209,                           
                    train/confidence_pred_mean=0.649,                           
                    train/confidence_cumprod_bias=-0.012,                       
                    train/loss=0.745, train/ce_loss=1.031,                      
                    train/tv_loss=0.203, train/accept_rate=0.646,               
                    train/accept_len=3.526, train/full_acc=0.661,               
                    train/position_0_acc=0.821,                                 
                    train/position_1_acc=0.729,                                 
                    train/position_2_acc=0.646,                                 
                    train/position_3_acc=0.590,                                 
                    train/position_4_acc=0.517,                                 
                    train/hard_accept_len=3.585,                                
                    profile/fetch_ms=29.822,                                    
                    profile/fwd_ms=575.267,                                     
                    profile/bwd_ms=1.32e+03,                                    
                    profile/opt_ms=992.430,                                     
                    profile/step_ms=2.91e+03,                                   
                    profile/tokens_per_s=1.03e+03,                              
                    profile/fetch_frac=0.010,                                   
                    profile/grad_norm=0.397,                                    
                    profile/fetch_ms_ranks=[29.8, 18.7, 19.7,                   
                    19.7, 24.0, 19.7, 24.0, 19.6],                              
                    profile/fetch_ms_max=29.800,                                
                    profile/align_ms=1.800,                                     
                    profile/sup_tokens_ranks=[2445, 2277, 2698,                 
                    2777, 2352, 1394, 2767, 2708],                              
                    profile/sup_tokens_skew_max=1.741,                          
                    profile/sup_tokens_skew_min=0.874,                          
                    profile/sup_tokens_spread=0.570,                            
                    mem/alloc_gb=14.700, mem/reserved_gb=50.790,                
                    mem/max_alloc_gb=40.250,                                    
                    mem/max_reserved_gb=50.790, epoch=2,                        
                    lr/DistributedMuon=9.52e-04,                                
                    lr/AdamW=9.52e-05, global_step=66550                        
[13:11:46] INFO     train/confidence_loss=0.311,                  trainer.py:799
                    train/confidence_abs_error=0.230,                           
                    train/confidence_pred_mean=0.585,                           
                    train/confidence_cumprod_bias=-0.011,                       
                    train/loss=0.875, train/ce_loss=1.250,                      
                    train/tv_loss=0.244, train/accept_rate=0.581,               
                    train/accept_len=3.122, train/full_acc=0.600,               
                    train/position_0_acc=0.777,                                 
                    train/position_1_acc=0.658,                                 
                    train/position_2_acc=0.579,                                 
                    train/position_3_acc=0.519,                                 
                    train/position_4_acc=0.463,                                 
                    train/hard_accept_len=3.196,                                
                    profile/fetch_ms=28.268,                                    
                    profile/fwd_ms=541.641,                                     
                    profile/bwd_ms=1.35e+03,                                    
                    profile/opt_ms=991.601,                                     
                    profile/step_ms=2.91e+03,                                   
                    profile/tokens_per_s=1.03e+03,                              
                    profile/fetch_frac=0.010,                                   
                    profile/grad_norm=0.422,                                    
                    profile/fetch_ms_ranks=[28.3, 17.9, 18.4,                   
                    18.5, 22.4, 21.2, 22.4, 21.2],                              
                    profile/fetch_ms_max=28.300,                                
                    profile/align_ms=1.700,                                     
                    profile/sup_tokens_ranks=[2761, 2757, 2348,                 
                    2089, 1861, 2782, 2673, 2773],                              
                    profile/sup_tokens_skew_max=1.346,                          
                    profile/sup_tokens_skew_min=0.901,                          
                    profile/sup_tokens_spread=0.368,                            
                    mem/alloc_gb=14.700, mem/reserved_gb=50.790,                
                    mem/max_alloc_gb=40.250,                                    
                    mem/max_reserved_gb=50.790, epoch=2,                        
                    lr/DistributedMuon=9.52e-04,                                
                    lr/AdamW=9.52e-05, global_step=66551                        
[13:11:49] INFO     train/confidence_loss=0.297,                  trainer.py:799
                    train/confidence_abs_error=0.224,                           
                    train/confidence_pred_mean=0.650,                           
                    train/confidence_cumprod_bias=-0.003,                       
                    train/loss=0.776, train/ce_loss=1.031,                      
                    train/tv_loss=0.209, train/accept_rate=0.637,               
                    train/accept_len=3.438, train/full_acc=0.654,               
                    train/position_0_acc=0.823,                                 
                    train/position_1_acc=0.711,                                 
                    train/position_2_acc=0.640,                                 
                    train/position_3_acc=0.574,                                 
                    train/position_4_acc=0.520,                                 
                    train/hard_accept_len=3.519,                                
                    profile/fetch_ms=28.772,                                    
                    profile/fwd_ms=536.451,                                     
                    profile/bwd_ms=1.34e+03,                                    
                    profile/opt_ms=992.708,                                     
                    profile/step_ms=2.90e+03,                                   
                    profile/tokens_per_s=950.838,                               
                    profile/fetch_frac=0.010,                                   
                    profile/grad_norm=0.611,                                    
                    profile/fetch_ms_ranks=[28.8, 17.9, 18.8,                   
                    18.6, 23.0, 18.4, 23.0, 18.4],                              
                    profile/fetch_ms_max=28.800,                                
                    profile/align_ms=1.700,                                     
                    profile/sup_tokens_ranks=[2333, 2324, 2509,                 
                    2398, 1952, 2505, 2415, 2482],                              
                    profile/sup_tokens_skew_max=1.211,                          
                    profile/sup_tokens_skew_min=0.943,                          
                    profile/sup_tokens_spread=0.235,                            
                    mem/alloc_gb=14.700, mem/reserved_gb=50.790,                
                    mem/max_alloc_gb=40.250,                                    
                    mem/max_reserved_gb=50.790, epoch=2,                        
                    lr/DistributedMuon=9.52e-04,                                
                    lr/AdamW=9.52e-05, global_step=66552                        
[13:11:52] INFO     train/confidence_loss=0.297,                  trainer.py:799
                    train/confidence_abs_error=0.225,                           
                    train/confidence_pred_mean=0.647,                           
                    train/confidence_cumprod_bias=-0.017,                       
                    train/loss=0.763, train/ce_loss=0.977,                      
                    train/tv_loss=0.204, train/accept_rate=0.644,               
                    train/accept_len=3.460, train/full_acc=0.662,               
                    train/position_0_acc=0.828,                                 
                    train/position_1_acc=0.718,                                 
                    train/position_2_acc=0.648,                                 
                    train/position_3_acc=0.587,                                 
                    train/position_4_acc=0.527,                                 
                    train/hard_accept_len=3.547,                                
                    profile/fetch_ms=28.594,                                    
                    profile/fwd_ms=641.570,                                     
                    profile/bwd_ms=1.35e+03,                                    
                    profile/opt_ms=990.341,                                     
                    profile/step_ms=3.01e+03,                                   
                    profile/tokens_per_s=1.02e+03,                              
                    profile/fetch_frac=0.009,                                   
                    profile/grad_norm=0.452,                                    
                    profile/fetch_ms_ranks=[28.6, 18.4, 19.9,                   
                    19.4, 23.4, 19.4, 22.9, 18.9],                              
                    profile/fetch_ms_max=28.600,                                
                    profile/align_ms=1.900,                                     
                    profile/sup_tokens_ranks=[2978, 2651, 2582,                 
                    2590, 2255, 2707, 1657, 2226],                              
                    profile/sup_tokens_skew_max=1.482,                          
                    profile/sup_tokens_skew_min=0.825,                          
                    profile/sup_tokens_spread=0.538,                            
                    mem/alloc_gb=14.700, mem/reserved_gb=50.790,                
                    mem/max_alloc_gb=40.250,                                    
                    mem/max_reserved_gb=50.790, epoch=2,                        
                    lr/DistributedMuon=9.52e-04,                                
                    lr/AdamW=9.52e-05, global_step=66553                        
[13:11:55] INFO     train/confidence_loss=0.258,                  trainer.py:799
                    train/confidence_abs_error=0.190,                           
                    train/confidence_pred_mean=0.699,                           
                    train/confidence_cumprod_bias=-0.009,                       
                    train/loss=0.662, train/ce_loss=0.859,                      
                    train/tv_loss=0.177, train/accept_rate=0.691,               
                    train/accept_len=3.804, train/full_acc=0.702,               
                    train/position_0_acc=0.849,                                 
                    train/position_1_acc=0.756,                                 
                    train/position_2_acc=0.684,                                 
                    train/position_3_acc=0.625,                                 
                    train/position_4_acc=0.596,                                 
                    train/hard_accept_len=3.863,                                
                    profile/fetch_ms=30.658,                                    
                    profile/fwd_ms=534.226,                                     
                    profile/bwd_ms=1.36e+03,                                    
                    profile/opt_ms=991.971,                                     
                    profile/step_ms=2.91e+03,                                   
                    profile/tokens_per_s=1.05e+03,                              
                    profile/fetch_frac=0.011,                                   
                    profile/grad_norm=0.463,                                    
                    profile/fetch_ms_ranks=[30.7, 18.1, 19.4,                   
                    18.9, 23.1, 18.9, 23.2, 19.6],                              
                    profile/fetch_ms_max=30.700,                                
                    profile/align_ms=1.600,                                     
                    profile/sup_tokens_ranks=[1837, 2954, 2755,                 
                    2885, 2884, 2552, 2436, 2012],                              
                    profile/sup_tokens_skew_max=1.382,                          
                    profile/sup_tokens_skew_min=0.860,                          
                    profile/sup_tokens_spread=0.440,                            
                    mem/alloc_gb=14.700, mem/reserved_gb=50.790,                
                    mem/max_alloc_gb=40.250,                                    
                    mem/max_reserved_gb=50.790, epoch=2,                        
                    lr/DistributedMuon=9.52e-04,                                
                    lr/AdamW=9.52e-05, global_step=66554                        
[13:11:58] INFO     train/confidence_loss=0.268,                  trainer.py:799
                    train/confidence_abs_error=0.203,                           
                    train/confidence_pred_mean=0.683,                           
                    train/confidence_cumprod_bias=-0.004,                       
                    train/loss=0.693, train/ce_loss=0.906,                      
                    train/tv_loss=0.185, train/accept_rate=0.675,               
                    train/accept_len=3.679, train/full_acc=0.691,               
                    train/position_0_acc=0.847,                                 
                    train/position_1_acc=0.764,                                 
                    train/position_2_acc=0.675,                                 
                    train/position_3_acc=0.603,                                 
                    train/position_4_acc=0.563,                                 
                    train/hard_accept_len=3.768,                                
                    profile/fetch_ms=28.078,                                    
                    profile/fwd_ms=531.344,                                     
                    profile/bwd_ms=1.59e+03,                                    
                    profile/opt_ms=991.692,                                     
                    profile/step_ms=3.14e+03,                                   
                    profile/tokens_per_s=946.445,                               
                    profile/fetch_frac=0.009,                                   
                    profile/grad_norm=0.472,                                    
                    profile/fetch_ms_ranks=[28.1, 17.5, 18.6,                   
                    18.3, 22.6, 19.4, 22.7, 19.0],                              
                    profile/fetch_ms_max=28.100,                                
                    profile/align_ms=1.700,                                     
                    profile/sup_tokens_ranks=[2464, 2631, 2833,                 
                    2693, 2403, 2765, 1153, 1199],                              
                    profile/sup_tokens_skew_max=1.967,                          
                    profile/sup_tokens_skew_min=0.800,                          
                    profile/sup_tokens_spread=0.741,                            
                    mem/alloc_gb=14.700, mem/reserved_gb=50.790,                
                    mem/max_alloc_gb=40.250,                                    
                    mem/max_reserved_gb=50.790, epoch=2,                        
                    lr/DistributedMuon=9.52e-04,                                
                    lr/AdamW=9.52e-05, global_step=66555                        
[13:12:01] INFO     train/confidence_loss=0.287,                  trainer.py:799
                    train/confidence_abs_error=0.216,                           
                    train/confidence_pred_mean=0.678,                           
                    train/confidence_cumprod_bias=-9.24e-04,                    
                    train/loss=0.725, train/ce_loss=0.914,                      
                    train/tv_loss=0.193, train/accept_rate=0.662,               
                    train/accept_len=3.598, train/full_acc=0.677,               
                    train/position_0_acc=0.845,                                 
                    train/position_1_acc=0.736,                                 
                    train/position_2_acc=0.676,                                 
                    train/position_3_acc=0.597,                                 
                    train/position_4_acc=0.531,                                 
                    train/hard_accept_len=3.670,                                
                    profile/fetch_ms=53.657,                                    
                    profile/fwd_ms=558.590,                                     
                    profile/bwd_ms=1.32e+03,                                    
                    profile/opt_ms=992.179,                                     
                    profile/step_ms=2.93e+03,                                   
                    profile/tokens_per_s=1.02e+03,                              
                    profile/fetch_frac=0.018,                                   
                    profile/grad_norm=0.670,                                    
                    profile/fetch_ms_ranks=[53.7, 43.3, 43.9,                   
                    21.2, 48.4, 44.9, 48.0, 44.0],                              
                    profile/fetch_ms_max=53.700,                                
                    profile/align_ms=1.900,                                     
                    profile/sup_tokens_ranks=[2497, 2442, 2722,                 
                    2663, 2669, 2571, 2637, 2248],                              
                    profile/sup_tokens_skew_max=1.137,                          
                    profile/sup_tokens_skew_min=0.939,                          
                    profile/sup_tokens_spread=0.185,                            
                    mem/alloc_gb=14.700, mem/reserved_gb=50.790,                
                    mem/max_alloc_gb=40.250,                                    
                    mem/max_reserved_gb=50.790, epoch=2,                        
                    lr/DistributedMuon=9.52e-04,                                
                    lr/AdamW=9.52e-05, global_step=66556                        
[13:12:04] INFO     train/confidence_loss=0.311,                  trainer.py:799
                    train/confidence_abs_error=0.228,                           
                    train/confidence_pred_mean=0.595,                           
                    train/confidence_cumprod_bias=-0.018,                       
                    train/loss=0.838, train/ce_loss=1.141,                      
                    train/tv_loss=0.229, train/accept_rate=0.605,               
                    train/accept_len=3.217, train/full_acc=0.627,               
                    train/position_0_acc=0.799,                                 
                    train/position_1_acc=0.678,                                 
                    train/position_2_acc=0.605,                                 
                    train/position_3_acc=0.555,                                 
                    train/position_4_acc=0.496,                                 
                    train/hard_accept_len=3.316,                                
                    profile/fetch_ms=27.879,                                    
                    profile/fwd_ms=528.703,                                     
                    profile/bwd_ms=1.33e+03,                                    
                    profile/opt_ms=1.01e+03,                                    
                    profile/step_ms=2.89e+03,                                   
                    profile/tokens_per_s=915.561,                               
                    profile/fetch_frac=0.010,                                   
                    profile/grad_norm=0.568,                                    
                    profile/fetch_ms_ranks=[27.9, 17.5, 18.3,                   
                    18.4, 21.7, 19.5, 21.4, 19.5],                              
                    profile/fetch_ms_max=27.900,                                
                    profile/align_ms=1.600,                                     
                    profile/sup_tokens_ranks=[2414, 1535, 2033,                 
                    2590, 2407, 2615, 2590, 2352],                              
                    profile/sup_tokens_skew_max=1.509,                          
                    profile/sup_tokens_skew_min=0.886,                          
                    profile/sup_tokens_spread=0.466,                            
                    mem/alloc_gb=14.700, mem/reserved_gb=50.790,                
                    mem/max_alloc_gb=40.250,                                    
                    mem/max_reserved_gb=50.790, epoch=2,                        
                    lr/DistributedMuon=9.52e-04,                                
                    lr/AdamW=9.52e-05, global_step=66557                        
[13:12:07] INFO     train/confidence_loss=0.285,                  trainer.py:799
                    train/confidence_abs_error=0.220,                           
                    train/confidence_pred_mean=0.619,                           
                    train/confidence_cumprod_bias=-0.031,                       
                    train/loss=0.775, train/ce_loss=1.070,                      
                    train/tv_loss=0.211, train/accept_rate=0.634,               
                    train/accept_len=3.442, train/full_acc=0.653,               
                    train/position_0_acc=0.807,                                 
                    train/position_1_acc=0.714,                                 
                    train/position_2_acc=0.647,                                 
                    train/position_3_acc=0.577,                                 
                    train/position_4_acc=0.520,                                 
                    train/hard_accept_len=3.528,                                
                    profile/fetch_ms=26.923,                                    
                    profile/fwd_ms=532.228,                                     
                    profile/bwd_ms=1.35e+03,                                    
                    profile/opt_ms=990.097,                                     
                    profile/step_ms=2.90e+03,                                   
                    profile/tokens_per_s=1.02e+03,                              
                    profile/fetch_frac=0.009,                                   
                    profile/grad_norm=0.648,                                    
                    profile/fetch_ms_ranks=[26.9, 17.5, 18.5,                   
                    18.5, 19.4, 18.9, 19.5, 17.6],                              
                    profile/fetch_ms_max=26.900,                                
                    profile/align_ms=1.600,                                     
                    profile/sup_tokens_ranks=[2383, 2094, 2707,                 
                    2820, 2713, 2881, 2777, 2671],                              
                    profile/sup_tokens_skew_max=1.256,                          
                    profile/sup_tokens_skew_min=0.913,                          
                    profile/sup_tokens_spread=0.299,                            
                    mem/alloc_gb=14.700, mem/reserved_gb=50.790,                
                    mem/max_alloc_gb=40.250,                                    
                    mem/max_reserved_gb=50.790, epoch=2,                        
                    lr/DistributedMuon=9.52e-04,                                
                    lr/AdamW=9.52e-05, global_step=66558                        
[13:12:10] INFO     train/confidence_loss=0.270,                  trainer.py:799
                    train/confidence_abs_error=0.213,                           
                    train/confidence_pred_mean=0.668,                           
                    train/confidence_cumprod_bias=-0.028,                       
                    train/loss=0.687, train/ce_loss=0.898,                      
                    train/tv_loss=0.182, train/accept_rate=0.679,               
                    train/accept_len=3.729, train/full_acc=0.699,               
                    train/position_0_acc=0.859,                                 
                    train/position_1_acc=0.758,                                 
                    train/position_2_acc=0.685,                                 
                    train/position_3_acc=0.626,                                 
                    train/position_4_acc=0.565,                                 
                    train/hard_accept_len=3.822,                                
                    profile/fetch_ms=31.281,                                    
                    profile/fwd_ms=525.899,                                     
                    profile/bwd_ms=1.31e+03,                                    
                    profile/opt_ms=993.030,                                     
                    profile/step_ms=2.86e+03,                                   
                    profile/tokens_per_s=1.05e+03,                              
                    profile/fetch_frac=0.011,                                   
                    profile/grad_norm=0.539,                                    
                    profile/fetch_ms_ranks=[31.3, 18.9, 19.7,                   
                    19.6, 24.2, 19.4, 24.1, 19.3],                              
                    profile/fetch_ms_max=31.300,                                
                    profile/align_ms=2.000,                                     
                    profile/sup_tokens_ranks=[2776, 2653, 2310,                 
                    2468, 1972, 1741, 2957, 2958],                              
                    profile/sup_tokens_skew_max=1.424,                          
                    profile/sup_tokens_skew_min=0.838,                          
                    profile/sup_tokens_spread=0.491,                            
                    mem/alloc_gb=14.700, mem/reserved_gb=50.790,                
                    mem/max_alloc_gb=40.250,                                    
                    mem/max_reserved_gb=50.790, epoch=2,                        
                    lr/DistributedMuon=9.52e-04,                                
                    lr/AdamW=9.52e-05, global_step=66559                        
[13:12:13] INFO     train/confidence_loss=0.252,                  trainer.py:799
                    train/confidence_abs_error=0.198,                           
                    train/confidence_pred_mean=0.697,                           
                    train/confidence_cumprod_bias=-0.032,                       
                    train/loss=0.623, train/ce_loss=0.758,                      
                    train/tv_loss=0.164, train/accept_rate=0.713,               
                    train/accept_len=3.901, train/full_acc=0.728,               
                    train/position_0_acc=0.865,                                 
                    train/position_1_acc=0.783,                                 
                    train/position_2_acc=0.713,                                 
                    train/position_3_acc=0.661,                                 
                    train/position_4_acc=0.616,                                 
                    train/hard_accept_len=3.972,                                
                    profile/fetch_ms=28.448,                                    
                    profile/fwd_ms=513.113,                                     
                    profile/bwd_ms=1.30e+03,                                    
                    profile/opt_ms=991.445,                                     
                    profile/step_ms=2.83e+03,                                   
                    profile/tokens_per_s=982.631,                               
                    profile/fetch_frac=0.010,                                   
                    profile/grad_norm=0.623,                                    
                    profile/fetch_ms_ranks=[28.4, 17.7, 18.6,                   
                    18.1, 22.5, 18.1, 22.4, 17.9],                              
                    profile/fetch_ms_max=28.400,                                
                    profile/align_ms=1.700,                                     
                    profile/sup_tokens_ranks=[2240, 2598, 1933,                 
                    1309, 2729, 2409, 2119, 3035],                              
                    profile/sup_tokens_skew_max=1.754,                          
                    profile/sup_tokens_skew_min=0.757,                          
                    profile/sup_tokens_spread=0.752,                            
                    mem/alloc_gb=14.700, mem/reserved_gb=50.790,                
                    mem/max_alloc_gb=40.250,                                    
                    mem/max_reserved_gb=50.790, epoch=2,                        
                    lr/DistributedMuon=9.52e-04,                                
                    lr/AdamW=9.52e-05, global_step=66560                        
[13:12:16] INFO     train/confidence_loss=0.303,                  trainer.py:799
                    train/confidence_abs_error=0.229,                           
                    train/confidence_pred_mean=0.639,                           
                    train/confidence_cumprod_bias=-0.005,                       
                    train/loss=0.789, train/ce_loss=1.039,                      
                    train/tv_loss=0.212, train/accept_rate=0.631,               
                    train/accept_len=3.366, train/full_acc=0.648,               
                    train/position_0_acc=0.818,                                 
                    train/position_1_acc=0.714,                                 
                    train/position_2_acc=0.629,                                 
                    train/position_3_acc=0.564,                                 
                    train/position_4_acc=0.511,                                 
                    train/hard_accept_len=3.431,                                
                    profile/fetch_ms=32.691,                                    
                    profile/fwd_ms=557.266,                                     
                    profile/bwd_ms=1.33e+03,                                    
                    profile/opt_ms=993.455,                                     
                    profile/step_ms=2.91e+03,                                   
                    profile/tokens_per_s=1.06e+03,                              
                    profile/fetch_frac=0.011,                                   
                    profile/grad_norm=0.441,                                    
                    profile/fetch_ms_ranks=[32.7, 17.8, 18.4,                   
                    18.6, 22.9, 18.5, 22.8, 18.1],                              
                    profile/fetch_ms_max=32.700,                                
                    profile/align_ms=1.800,                                     
                    profile/sup_tokens_ranks=[3044, 2873, 2560,                 
                    2394, 2470, 1612, 2587, 2212],                              
                    profile/sup_tokens_skew_max=1.532,                          
                    profile/sup_tokens_skew_min=0.811,                          
                    profile/sup_tokens_spread=0.580,                            
                    mem/alloc_gb=14.700, mem/reserved_gb=50.790,                
                    mem/max_alloc_gb=40.250,                                    
                    mem/max_reserved_gb=50.790, epoch=2,                        
                    lr/DistributedMuon=9.52e-04,                                
                    lr/AdamW=9.52e-05, global_step=66561                        
[13:12:18] INFO     train/confidence_loss=0.285,                  trainer.py:799
                    train/confidence_abs_error=0.220,                           
                    train/confidence_pred_mean=0.642,                           
                    train/confidence_cumprod_bias=-0.019,                       
                    train/loss=0.759, train/ce_loss=1.039,                      
                    train/tv_loss=0.205, train/accept_rate=0.644,               
                    train/accept_len=3.500, train/full_acc=0.660,               
                    train/position_0_acc=0.820,                                 
                    train/position_1_acc=0.721,                                 
                    train/position_2_acc=0.638,                                 
                    train/position_3_acc=0.584,                                 
                    train/position_4_acc=0.533,                                 
                    train/hard_accept_len=3.572,                                
                    profile/fetch_ms=31.932,                                    
                    profile/fwd_ms=560.425,                                     
                    profile/bwd_ms=1.31e+03,                                    
                    profile/opt_ms=992.449,                                     
                    profile/step_ms=2.90e+03,                                   
                    profile/tokens_per_s=1.02e+03,                              
                    profile/fetch_frac=0.011,                                   
                    profile/grad_norm=0.407,                                    
                    profile/fetch_ms_ranks=[31.9, 21.8, 22.3,                   
                    21.8, 26.4, 22.0, 26.4, 37.4],                              
                    profile/fetch_ms_max=37.400,                                
                    profile/align_ms=1.800,                                     
                    profile/sup_tokens_ranks=[2796, 3009, 3011,                 
                    2835, 2748, 2881, 2797, 2440],                              
                    profile/sup_tokens_skew_max=1.153,                          
                    profile/sup_tokens_skew_min=0.935,                          
                    profile/sup_tokens_spread=0.203,                            
                    mem/alloc_gb=14.700, mem/reserved_gb=50.790,                
                    mem/max_alloc_gb=40.250,                                    
                    mem/max_reserved_gb=50.790, epoch=2,                        
                    lr/DistributedMuon=9.52e-04,                                
                    lr/AdamW=9.52e-05, global_step=66562                        
[13:12:26] INFO     train/confidence_loss=0.260,                  trainer.py:799
                    train/confidence_abs_error=0.202,                           
                    train/confidence_pred_mean=0.707,                           
                    train/confidence_cumprod_bias=-0.015,                       
                    train/loss=0.639, train/ce_loss=0.805,                      
                    train/tv_loss=0.166, train/accept_rate=0.705,               
                    train/accept_len=3.869, train/full_acc=0.721,               
                    train/position_0_acc=0.873,                                 
                    train/position_1_acc=0.783,                                 
                    train/position_2_acc=0.711,                                 
                    train/position_3_acc=0.646,                                 
                    train/position_4_acc=0.592,                                 
                    train/hard_accept_len=3.948,                                
                    profile/fetch_ms=27.566,                                    
                    profile/fwd_ms=4.73e+03,                                    
                    profile/bwd_ms=1.58e+03,                                    
                    profile/opt_ms=995.555,                                     
                    profile/step_ms=7.34e+03,                                   
                    profile/tokens_per_s=386.383,                               
                    profile/fetch_frac=0.004,                                   
                    profile/grad_norm=0.425,                                    
                    profile/fetch_ms_ranks=[27.6, 17.7, 18.6,                   
                    18.6, 19.5, 3866.8, 19.5, 17.9],                            
                    profile/fetch_ms_max=3.87e+03,                              
                    profile/align_ms=1.700,                                     
                    profile/sup_tokens_ranks=[2555, 1855, 2947,                 
                    2694, 2607, 2424, 2408, 2147],                              
                    profile/sup_tokens_skew_max=1.323,                          
                    profile/sup_tokens_skew_min=0.833,                          
                    profile/sup_tokens_spread=0.445,                            
                    mem/alloc_gb=14.700, mem/reserved_gb=50.790,                
                    mem/max_alloc_gb=40.250,                                    
                    mem/max_reserved_gb=50.790, epoch=2,                        
                    lr/DistributedMuon=9.52e-04,                                
                    lr/AdamW=9.52e-05, global_step=66563                        
[13:12:29] INFO     train/confidence_loss=0.316,                  trainer.py:799
                    train/confidence_abs_error=0.228,                           
                    train/confidence_pred_mean=0.619,                           
                    train/confidence_cumprod_bias=0.007,                        
                    train/loss=0.851, train/ce_loss=1.164,                      
                    train/tv_loss=0.233, train/accept_rate=0.596,               
                    train/accept_len=3.195, train/full_acc=0.613,               
                    train/position_0_acc=0.795,                                 
                    train/position_1_acc=0.685,                                 
                    train/position_2_acc=0.592,                                 
                    train/position_3_acc=0.524,                                 
                    train/position_4_acc=0.467,                                 
                    train/hard_accept_len=3.268,                                
                    profile/fetch_ms=27.758,                                    
                    profile/fwd_ms=525.569,                                     
                    profile/bwd_ms=1.32e+03,                                    
                    profile/opt_ms=990.689,                                     
                    profile/step_ms=2.87e+03,                                   
                    profile/tokens_per_s=1.01e+03,                              
                    profile/fetch_frac=0.010,                                   
                    profile/grad_norm=0.820,                                    
                    profile/fetch_ms_ranks=[27.8, 18.2, 19.0,                   
                    18.9, 21.7, 18.8, 21.8, 18.7],                              
                    profile/fetch_ms_max=27.800,                                
                    profile/align_ms=1.700,                                     
                    profile/sup_tokens_ranks=[2052, 1728, 1336,                 
                    2630, 2342, 2783, 2092, 1989],                              
                    profile/sup_tokens_skew_max=1.586,                          
                    profile/sup_tokens_skew_min=0.761,                          
                    profile/sup_tokens_spread=0.683,                            
                    mem/alloc_gb=14.700, mem/reserved_gb=50.790,                
                    mem/max_alloc_gb=40.250,                                    
                    mem/max_reserved_gb=50.790, epoch=2,                        
                    lr/DistributedMuon=9.52e-04,                                
                    lr/AdamW=9.52e-05, global_step=66564                        
[13:12:32] INFO     train/confidence_loss=0.305,                  trainer.py:799
                    train/confidence_abs_error=0.233,                           
                    train/confidence_pred_mean=0.638,                           
                    train/confidence_cumprod_bias=0.005,                        
                    train/loss=0.813, train/ce_loss=1.117,                      
                    train/tv_loss=0.220, train/accept_rate=0.616,               
                    train/accept_len=3.305, train/full_acc=0.631,               
                    train/position_0_acc=0.818,                                 
                    train/position_1_acc=0.703,                                 
                    train/position_2_acc=0.610,                                 
                    train/position_3_acc=0.533,                                 
                    train/position_4_acc=0.489,                                 
                    train/hard_accept_len=3.377,                                
                    profile/fetch_ms=30.643,                                    
                    profile/fwd_ms=546.536,                                     
                    profile/bwd_ms=1.34e+03,                                    
                    profile/opt_ms=990.697,                                     
                    profile/step_ms=2.91e+03,                                   
                    profile/tokens_per_s=983.121,                               
                    profile/fetch_frac=0.011,                                   
                    profile/grad_norm=0.774,                                    
                    profile/fetch_ms_ranks=[30.6, 18.8, 19.4,                   
                    19.1, 23.3, 20.1, 23.1, 19.8],                              
                    profile/fetch_ms_max=30.600,                                
                    profile/align_ms=1.600,                                     
                    profile/sup_tokens_ranks=[2694, 1999, 2022,                 
                    2610, 2737, 2687, 2412, 2652],                              
                    profile/sup_tokens_skew_max=1.239,                          
                    profile/sup_tokens_skew_min=0.905,                          
                    profile/sup_tokens_spread=0.298,                            
                    mem/alloc_gb=14.700, mem/reserved_gb=50.790,                
                    mem/max_alloc_gb=40.250,                                    
                    mem/max_reserved_gb=50.790, epoch=2,                        
                    lr/DistributedMuon=9.52e-04,                                
                    lr/AdamW=9.52e-05, global_step=66565                        
[13:12:35] INFO     train/confidence_loss=0.271,                  trainer.py:799
                    train/confidence_abs_error=0.210,                           
                    train/confidence_pred_mean=0.681,                           
                    train/confidence_cumprod_bias=-0.010,                       
                    train/loss=0.695, train/ce_loss=0.891,                      
                    train/tv_loss=0.185, train/accept_rate=0.676,               
                    train/accept_len=3.684, train/full_acc=0.698,               
                    train/position_0_acc=0.852,                                 
                    train/position_1_acc=0.754,                                 
                    train/position_2_acc=0.683,                                 
                    train/position_3_acc=0.628,                                 
                    train/position_4_acc=0.569,                                 
                    train/hard_accept_len=3.797,                                
                    profile/fetch_ms=32.592,                                    
                    profile/fwd_ms=885.882,                                     
                    profile/bwd_ms=1.32e+03,                                    
                    profile/opt_ms=1.02e+03,                                    
                    profile/step_ms=3.25e+03,                                   
                    profile/tokens_per_s=926.633,                               
                    profile/fetch_frac=0.010,                                   
                    profile/grad_norm=0.460,                                    
                    profile/fetch_ms_ranks=[32.6, 21.7, 22.2,                   
                    17.6, 27.1, 21.9, 26.7, 23.6],                              
                    profile/fetch_ms_max=32.600,                                
                    profile/align_ms=1.700,                                     
                    profile/sup_tokens_ranks=[2600, 2910, 2772,                 
                    1916, 2630, 2859, 2799, 2717],                              
                    profile/sup_tokens_skew_max=1.383,                          
                    profile/sup_tokens_skew_min=0.911,                          
                    profile/sup_tokens_spread=0.375,                            
                    mem/alloc_gb=14.700, mem/reserved_gb=50.790,                
                    mem/max_alloc_gb=40.250,                                    
                    mem/max_reserved_gb=50.790, epoch=2,                        
                    lr/DistributedMuon=9.52e-04,                                
                    lr/AdamW=9.52e-05, global_step=66566                        
[13:12:38] INFO     train/confidence_loss=0.289,                  trainer.py:799
                    train/confidence_abs_error=0.213,                           
                    train/confidence_pred_mean=0.653,                           
                    train/confidence_cumprod_bias=-0.013,                       
                    train/loss=0.747, train/ce_loss=0.957,                      
                    train/tv_loss=0.201, train/accept_rate=0.651,               
                    train/accept_len=3.491, train/full_acc=0.665,               
                    train/position_0_acc=0.825,                                 
                    train/position_1_acc=0.714,                                 
                    train/position_2_acc=0.656,                                 
                    train/position_3_acc=0.595,                                 
                    train/position_4_acc=0.535,                                 
                    train/hard_accept_len=3.542,                                
                    profile/fetch_ms=27.528,                                    
                    profile/fwd_ms=847.752,                                     
                    profile/bwd_ms=1.36e+03,                                    
                    profile/opt_ms=993.237,                                     
                    profile/step_ms=3.23e+03,                                   
                    profile/tokens_per_s=929.648,                               
                    profile/fetch_frac=0.009,                                   
                    profile/grad_norm=0.464,                                    
                    profile/fetch_ms_ranks=[27.5, 18.1, 18.7,                   
                    18.6, 18.4, 18.4, 18.8, 18.6],                              
                    profile/fetch_ms_max=27.500,                                
                    profile/align_ms=1.600,                                     
                    profile/sup_tokens_ranks=[2800, 2696, 1820,                 
                    2716, 1746, 2672, 2729, 2838],                              
                    profile/sup_tokens_skew_max=1.433,                          
                    profile/sup_tokens_skew_min=0.882,                          
                    profile/sup_tokens_spread=0.436,                            
                    mem/alloc_gb=14.700, mem/reserved_gb=50.790,                
                    mem/max_alloc_gb=40.250,                                    
                    mem/max_reserved_gb=50.790, epoch=2,                        
                    lr/DistributedMuon=9.52e-04,                                
                    lr/AdamW=9.52e-05, global_step=66567                        
[13:12:41] INFO     train/confidence_loss=0.295,                  trainer.py:799
                    train/confidence_abs_error=0.216,                           
                    train/confidence_pred_mean=0.631,                           
                    train/confidence_cumprod_bias=-0.009,                       
                    train/loss=0.801, train/ce_loss=1.094,                      
                    train/tv_loss=0.220, train/accept_rate=0.621,               
                    train/accept_len=3.360, train/full_acc=0.633,               
                    train/position_0_acc=0.797,                                 
                    train/position_1_acc=0.697,                                 
                    train/position_2_acc=0.615,                                 
                    train/position_3_acc=0.557,                                 
                    train/position_4_acc=0.498,                                 
                    train/hard_accept_len=3.403,                                
                    profile/fetch_ms=29.202,                                    
                    profile/fwd_ms=651.561,                                     
                    profile/bwd_ms=1.32e+03,                                    
                    profile/opt_ms=993.616,                                     
                    profile/step_ms=2.99e+03,                                   
                    profile/tokens_per_s=982.803,                               
                    profile/fetch_frac=0.010,                                   
                    profile/grad_norm=0.518,                                    
                    profile/fetch_ms_ranks=[29.2, 19.2, 19.6,                   
                    19.5, 22.3, 19.2, 22.4, 19.0],                              
                    profile/fetch_ms_max=29.200,                                
                    profile/align_ms=1.900,                                     
                    profile/sup_tokens_ranks=[2074, 2688, 2355,                 
                    2444, 2430, 2613, 1661, 2619],                              
                    profile/sup_tokens_skew_max=1.421,                          
                    profile/sup_tokens_skew_min=0.878,                          
                    profile/sup_tokens_spread=0.435,                            
                    mem/alloc_gb=14.700, mem/reserved_gb=50.790,                
                    mem/max_alloc_gb=40.250,                                    
                    mem/max_reserved_gb=50.790, epoch=2,                        
                    lr/DistributedMuon=9.52e-04,                                
                    lr/AdamW=9.52e-05, global_step=66568                        
[13:12:44] INFO     train/confidence_loss=0.268,                  trainer.py:799
                    train/confidence_abs_error=0.210,                           
                    train/confidence_pred_mean=0.671,                           
                    train/confidence_cumprod_bias=-0.022,                       
                    train/loss=0.689, train/ce_loss=0.891,                      
                    train/tv_loss=0.184, train/accept_rate=0.674,               
                    train/accept_len=3.712, train/full_acc=0.690,               
                    train/position_0_acc=0.854,                                 
                    train/position_1_acc=0.763,                                 
                    train/position_2_acc=0.671,                                 
                    train/position_3_acc=0.612,                                 
                    train/position_4_acc=0.548,                                 
                    train/hard_accept_len=3.789,                                
                    profile/fetch_ms=28.103,                                    
                    profile/fwd_ms=518.720,                                     
                    profile/bwd_ms=1.31e+03,                                    
                    profile/opt_ms=993.805,                                     
                    profile/step_ms=2.85e+03,                                   
                    profile/tokens_per_s=1.08e+03,                              
                    profile/fetch_frac=0.010,                                   
                    profile/grad_norm=0.483,                                    
                    profile/fetch_ms_ranks=[28.1, 20.7, 18.4,                   
                    21.0, 22.5, 21.1, 22.4, 21.5],                              
                    profile/fetch_ms_max=28.100,                                
                    profile/align_ms=1.600,                                     
                    profile/sup_tokens_ranks=[3056, 2846, 2649,                 
                    2703, 2544, 2625, 2607, 2222],                              
                    profile/sup_tokens_skew_max=1.196,                          
                    profile/sup_tokens_skew_min=0.869,                          
                    profile/sup_tokens_spread=0.314,                            
                    mem/alloc_gb=14.700, mem/reserved_gb=50.790,                
                    mem/max_alloc_gb=40.250,                                    
                    mem/max_reserved_gb=50.790, epoch=2,                        
                    lr/DistributedMuon=9.52e-04,                                
                    lr/AdamW=9.52e-05, global_step=66569                        
[13:12:47] INFO     train/confidence_loss=0.281,                  trainer.py:799
                    train/confidence_abs_error=0.216,                           
                    train/confidence_pred_mean=0.648,                           
                    train/confidence_cumprod_bias=-0.026,                       
                    train/loss=0.735, train/ce_loss=0.980,                      
                    train/tv_loss=0.198, train/accept_rate=0.654,               
                    train/accept_len=3.550, train/full_acc=0.668,               
                    train/position_0_acc=0.831,                                 
                    train/position_1_acc=0.735,                                 
                    train/position_2_acc=0.641,                                 
                    train/position_3_acc=0.600,                                 
                    train/position_4_acc=0.530,                                 
                    train/hard_accept_len=3.614,                                
                    profile/fetch_ms=28.100,                                    
                    profile/fwd_ms=883.702,                                     
                    profile/bwd_ms=1.37e+03,                                    
                    profile/opt_ms=991.884,                                     
                    profile/step_ms=3.27e+03,                                   
                    profile/tokens_per_s=904.848,                               
                    profile/fetch_frac=0.009,                                   
                    profile/grad_norm=0.528,                                    
                    profile/fetch_ms_ranks=[28.1, 18.3, 18.7,                   
                    18.5, 22.6, 18.4, 22.5, 18.5],                              
                    profile/fetch_ms_max=28.100,                                
                    profile/align_ms=1.600,                                     
                    profile/sup_tokens_ranks=[2463, 2553, 2908,                 
                    2761, 2486, 2184, 2378, 1809],                              
                    profile/sup_tokens_skew_max=1.350,                          
                    profile/sup_tokens_skew_min=0.840,                          
                    profile/sup_tokens_spread=0.450,                            
                    mem/alloc_gb=14.700, mem/reserved_gb=50.790,                
                    mem/max_alloc_gb=40.250,                                    
                    mem/max_reserved_gb=50.790, epoch=2,                        
                    lr/DistributedMuon=9.52e-04,                                
                    lr/AdamW=9.52e-05, global_step=66570                        
[13:12:50] INFO     train/confidence_loss=0.299,                  trainer.py:799
                    train/confidence_abs_error=0.224,                           
                    train/confidence_pred_mean=0.617,                           
                    train/confidence_cumprod_bias=-0.032,                       
                    train/loss=0.777, train/ce_loss=1.023,                      
                    train/tv_loss=0.210, train/accept_rate=0.635,               
                    train/accept_len=3.428, train/full_acc=0.655,               
                    train/position_0_acc=0.820,                                 
                    train/position_1_acc=0.715,                                 
                    train/position_2_acc=0.641,                                 
                    train/position_3_acc=0.579,                                 
                    train/position_4_acc=0.518,                                 
                    train/hard_accept_len=3.522,                                
                    profile/fetch_ms=28.810,                                    
                    profile/fwd_ms=522.489,                                     
                    profile/bwd_ms=1.32e+03,                                    
                    profile/opt_ms=992.723,                                     
                    profile/step_ms=2.86e+03,                                   
                    profile/tokens_per_s=944.630,                               
                    profile/fetch_frac=0.010,                                   
                    profile/grad_norm=0.769,                                    
                    profile/fetch_ms_ranks=[28.8, 18.5, 19.5,                   
                    19.0, 24.6, 18.7, 24.2, 20.2],                              
                    profile/fetch_ms_max=28.800,                                
                    profile/align_ms=1.400,                                     
                    profile/sup_tokens_ranks=[2480, 2043, 2590,                 
                    2674, 2605, 2568, 2586, 2535],                              
                    profile/sup_tokens_skew_max=1.229,                          
                    profile/sup_tokens_skew_min=0.939,                          
                    profile/sup_tokens_spread=0.251,                            
                    mem/alloc_gb=14.700, mem/reserved_gb=50.790,                
                    mem/max_alloc_gb=40.250,                                    
                    mem/max_reserved_gb=50.790, epoch=2,                        
                    lr/DistributedMuon=9.52e-04,                                
                    lr/AdamW=9.52e-05, global_step=66571                        
[13:12:53] INFO     train/confidence_loss=0.262,                  trainer.py:799
                    train/confidence_abs_error=0.205,                           
                    train/confidence_pred_mean=0.680,                           
                    train/confidence_cumprod_bias=-0.036,                       
                    train/loss=0.650, train/ce_loss=0.812,                      
                    train/tv_loss=0.171, train/accept_rate=0.699,               
                    train/accept_len=3.817, train/full_acc=0.713,               
                    train/position_0_acc=0.859,                                 
                    train/position_1_acc=0.773,                                 
                    train/position_2_acc=0.708,                                 
                    train/position_3_acc=0.642,                                 
                    train/position_4_acc=0.584,                                 
                    train/hard_accept_len=3.880,                                
                    profile/fetch_ms=28.630,                                    
                    profile/fwd_ms=530.463,                                     
                    profile/bwd_ms=1.31e+03,                                    
                    profile/opt_ms=991.515,                                     
                    profile/step_ms=2.86e+03,                                   
                    profile/tokens_per_s=1.05e+03,                              
                    profile/fetch_frac=0.010,                                   
                    profile/grad_norm=0.751,                                    
                    profile/fetch_ms_ranks=[28.6, 17.8, 18.7,                   
                    19.0, 19.1, 19.0, 19.5, 19.5],                              
                    profile/fetch_ms_max=28.600,                                
                    profile/align_ms=1.700,                                     
                    profile/sup_tokens_ranks=[2420, 2559, 2253,                 
                    3043, 2797, 1590, 2718, 2389],                              
                    profile/sup_tokens_skew_max=1.554,                          
                    profile/sup_tokens_skew_min=0.812,                          
                    profile/sup_tokens_spread=0.588,                            
                    mem/alloc_gb=14.700, mem/reserved_gb=50.790,                
                    mem/max_alloc_gb=40.250,                                    
                    mem/max_reserved_gb=50.790, epoch=2,                        
                    lr/DistributedMuon=9.52e-04,                                
                    lr/AdamW=9.52e-05, global_step=66572                        
[13:12:56] INFO     train/confidence_loss=0.303,                  trainer.py:799
                    train/confidence_abs_error=0.228,                           
                    train/confidence_pred_mean=0.611,                           
                    train/confidence_cumprod_bias=-0.030,                       
                    train/loss=0.796, train/ce_loss=1.062,                      
                    train/tv_loss=0.215, train/accept_rate=0.627,               
                    train/accept_len=3.360, train/full_acc=0.640,               
                    train/position_0_acc=0.804,                                 
                    train/position_1_acc=0.708,                                 
                    train/position_2_acc=0.625,                                 
                    train/position_3_acc=0.556,                                 
                    train/position_4_acc=0.505,                                 
                    train/hard_accept_len=3.413,                                
                    profile/fetch_ms=27.231,                                    
                    profile/fwd_ms=520.326,                                     
                    profile/bwd_ms=1.31e+03,                                    
                    profile/opt_ms=991.309,                                     
                    profile/step_ms=2.85e+03,                                   
                    profile/tokens_per_s=1.01e+03,                              
                    profile/fetch_frac=0.010,                                   
                    profile/grad_norm=0.680,                                    
                    profile/fetch_ms_ranks=[27.2, 17.1, 18.2,                   
                    18.1, 21.6, 17.6, 22.3, 18.2],                              
                    profile/fetch_ms_max=27.200,                                
                    profile/align_ms=1.600,                                     
                    profile/sup_tokens_ranks=[2674, 2678, 2453,                 
                    2486, 3043, 2350, 2622, 2045],                              
                    profile/sup_tokens_skew_max=1.244,                          
                    profile/sup_tokens_skew_min=0.836,                          
                    profile/sup_tokens_spread=0.392,                            
                    mem/alloc_gb=14.700, mem/reserved_gb=50.790,                
                    mem/max_alloc_gb=40.250,                                    
                    mem/max_reserved_gb=50.790, epoch=2,                        
                    lr/DistributedMuon=9.52e-04,                                
                    lr/AdamW=9.52e-05, global_step=66573                        
[13:12:59] INFO     train/confidence_loss=0.270,                  trainer.py:799
                    train/confidence_abs_error=0.202,                           
                    train/confidence_pred_mean=0.686,                           
                    train/confidence_cumprod_bias=-0.002,                       
                    train/loss=0.703, train/ce_loss=0.930,                      
                    train/tv_loss=0.190, train/accept_rate=0.669,               
                    train/accept_len=3.686, train/full_acc=0.685,               
                    train/position_0_acc=0.838,                                 
                    train/position_1_acc=0.747,                                 
                    train/position_2_acc=0.675,                                 
                    train/position_3_acc=0.606,                                 
                    train/position_4_acc=0.558,                                 
                    train/hard_accept_len=3.756,                                
                    profile/fetch_ms=30.534,                                    
                    profile/fwd_ms=559.790,                                     
                    profile/bwd_ms=1.31e+03,                                    
                    profile/opt_ms=993.304,                                     
                    profile/step_ms=2.90e+03,                                   
                    profile/tokens_per_s=1.05e+03,                              
                    profile/fetch_frac=0.011,                                   
                    profile/grad_norm=0.676,                                    
                    profile/fetch_ms_ranks=[30.5, 19.9, 20.8,                   
                    20.9, 25.1, 20.3, 25.6, 20.3],                              
                    profile/fetch_ms_max=30.500,                                
                    profile/align_ms=1.800,                                     
                    profile/sup_tokens_ranks=[2612, 2163, 2260,                 
                    2482, 2399, 1540, 2535, 2764],                              
                    profile/sup_tokens_skew_max=1.522,                          
                    profile/sup_tokens_skew_min=0.848,                          
                    profile/sup_tokens_spread=0.522,                            
                    mem/alloc_gb=14.700, mem/reserved_gb=50.790,                
                    mem/max_alloc_gb=40.250,                                    
                    mem/max_reserved_gb=50.790, epoch=2,                        
                    lr/DistributedMuon=9.52e-04,                                
                    lr/AdamW=9.52e-05, global_step=66574                        
[13:13:10] INFO     train/confidence_loss=0.279,                  trainer.py:799
                    train/confidence_abs_error=0.210,                           
                    train/confidence_pred_mean=0.679,                           
                    train/confidence_cumprod_bias=-0.006,                       
                    train/loss=0.702, train/ce_loss=0.871,                      
                    train/tv_loss=0.187, train/accept_rate=0.671,               
                    train/accept_len=3.654, train/full_acc=0.689,               
                    train/position_0_acc=0.854,                                 
                    train/position_1_acc=0.753,                                 
                    train/position_2_acc=0.677,                                 
                    train/position_3_acc=0.612,                                 
                    train/position_4_acc=0.548,                                 
                    train/hard_accept_len=3.739,                                
                    profile/fetch_ms=33.794,                                    
                    profile/fwd_ms=8.60e+03,                                    
                    profile/bwd_ms=1.31e+03,                                    
                    profile/opt_ms=996.937,                                     
                    profile/step_ms=1.09e+04,                                   
                    profile/tokens_per_s=264.638,                               
                    profile/fetch_frac=0.003,                                   
                    profile/grad_norm=0.451,                                    
                    profile/fetch_ms_ranks=[33.8, 17.8, 23.8,                   
                    23.8, 26.7, 8101.0, 27.0, 24.1],                            
                    profile/fetch_ms_max=8.10e+03,                              
                    profile/align_ms=1.700,                                     
                    profile/sup_tokens_ranks=[2555, 2577, 2486,                 
                    2348, 1864, 2543, 2757, 2660],                              
                    profile/sup_tokens_skew_max=1.327,                          
                    profile/sup_tokens_skew_min=0.897,                          
                    profile/sup_tokens_spread=0.361,                            
                    mem/alloc_gb=14.700, mem/reserved_gb=50.790,                
                    mem/max_alloc_gb=40.250,                                    
                    mem/max_reserved_gb=50.790, epoch=2,                        
                    lr/DistributedMuon=9.52e-04,                                
                    lr/AdamW=9.52e-05, global_step=66575                        
[13:13:12] INFO     train/confidence_loss=0.268,                  trainer.py:799
                    train/confidence_abs_error=0.209,                           
                    train/confidence_pred_mean=0.691,                           
                    train/confidence_cumprod_bias=-0.003,                       
                    train/loss=0.692, train/ce_loss=0.926,                      
                    train/tv_loss=0.184, train/accept_rate=0.676,               
                    train/accept_len=3.722, train/full_acc=0.691,               
                    train/position_0_acc=0.850,                                 
                    train/position_1_acc=0.760,                                 
                    train/position_2_acc=0.679,                                 
                    train/position_3_acc=0.608,                                 
                    train/position_4_acc=0.558,                                 
                    train/hard_accept_len=3.798,                                
                    profile/fetch_ms=28.539,                                    
                    profile/fwd_ms=514.768,                                     
                    profile/bwd_ms=1.30e+03,                                    
                    profile/opt_ms=992.023,                                     
                    profile/step_ms=2.84e+03,                                   
                    profile/tokens_per_s=1.08e+03,                              
                    profile/fetch_frac=0.010,                                   
                    profile/grad_norm=0.576,                                    
                    profile/fetch_ms_ranks=[28.5, 18.2, 18.8,                   
                    18.8, 23.3, 18.2, 23.1, 18.3],                              
                    profile/fetch_ms_max=28.500,                                
                    profile/align_ms=1.700,                                     
                    profile/sup_tokens_ranks=[2922, 2726, 2753,                 
                    2485, 2168, 2759, 2676, 2902],                              
                    profile/sup_tokens_skew_max=1.233,                          
                    profile/sup_tokens_skew_min=0.915,                          
                    profile/sup_tokens_spread=0.282,                            
                    mem/alloc_gb=14.700, mem/reserved_gb=50.790,                
                    mem/max_alloc_gb=40.250,                                    
                    mem/max_reserved_gb=50.790, epoch=2,                        
                    lr/DistributedMuon=9.52e-04,                                
                    lr/AdamW=9.52e-05, global_step=66576                        
[13:13:15] INFO     train/confidence_loss=0.270,                  trainer.py:799
                    train/confidence_abs_error=0.203,                           
                    train/confidence_pred_mean=0.692,                           
                    train/confidence_cumprod_bias=-0.012,                       
                    train/loss=0.669, train/ce_loss=0.812,                      
                    train/tv_loss=0.177, train/accept_rate=0.691,               
                    train/accept_len=3.734, train/full_acc=0.706,               
                    train/position_0_acc=0.847,                                 
                    train/position_1_acc=0.770,                                 
                    train/position_2_acc=0.700,                                 
                    train/position_3_acc=0.631,                                 
                    train/position_4_acc=0.580,                                 
                    train/hard_accept_len=3.813,                                
                    profile/fetch_ms=28.133,                                    
                    profile/fwd_ms=518.016,                                     
                    profile/bwd_ms=1.31e+03,                                    
                    profile/opt_ms=992.551,                                     
                    profile/step_ms=2.85e+03,                                   
                    profile/tokens_per_s=1.08e+03,                              
                    profile/fetch_frac=0.010,                                   
                    profile/grad_norm=0.428,                                    
                    profile/fetch_ms_ranks=[28.1, 18.1, 18.6,                   
                    18.5, 22.8, 18.3, 22.8, 18.2],                              
                    profile/fetch_ms_max=28.100,                                
                    profile/align_ms=1.700,                                     
                    profile/sup_tokens_ranks=[3044, 2123, 2259,                 
                    2635, 2710, 2232, 2421, 2753],                              
                    profile/sup_tokens_skew_max=1.188,                          
                    profile/sup_tokens_skew_min=0.829,                          
                    profile/sup_tokens_spread=0.365,                            
                    mem/alloc_gb=14.700, mem/reserved_gb=50.790,                
                    mem/max_alloc_gb=40.250,                                    
                    mem/max_reserved_gb=50.790, epoch=2,                        
                    lr/DistributedMuon=9.52e-04,                                
                    lr/AdamW=9.52e-05, global_step=66577                        
[13:13:18] INFO     train/confidence_loss=0.297,                  trainer.py:799
                    train/confidence_abs_error=0.223,                           
                    train/confidence_pred_mean=0.643,                           
                    train/confidence_cumprod_bias=0.002,                        
                    train/loss=0.796, train/ce_loss=1.102,                      
                    train/tv_loss=0.216, train/accept_rate=0.626,               
                    train/accept_len=3.376, train/full_acc=0.640,               
                    train/position_0_acc=0.805,                                 
                    train/position_1_acc=0.693,                                 
                    train/position_2_acc=0.624,                                 
                    train/position_3_acc=0.568,                                 
                    train/position_4_acc=0.506,                                 
                    train/hard_accept_len=3.421,                                
                    profile/fetch_ms=27.889,                                    
                    profile/fwd_ms=560.985,                                     
                    profile/bwd_ms=1.35e+03,                                    
                    profile/opt_ms=992.186,                                     
                    profile/step_ms=2.93e+03,                                   
                    profile/tokens_per_s=1.01e+03,                              
                    profile/fetch_frac=0.010,                                   
                    profile/grad_norm=0.664,                                    
                    profile/fetch_ms_ranks=[27.9, 18.3, 18.7,                   
                    18.6, 19.6, 18.4, 19.7, 18.4],                              
                    profile/fetch_ms_max=27.900,                                
                    profile/align_ms=1.500,                                     
                    profile/sup_tokens_ranks=[2502, 2319, 2669,                 
                    2208, 2650, 1998, 1665, 2139],                              
                    profile/sup_tokens_skew_max=1.363,                          
                    profile/sup_tokens_skew_min=0.850,                          
                    profile/sup_tokens_spread=0.443,                            
                    mem/alloc_gb=14.700, mem/reserved_gb=50.790,                
                    mem/max_alloc_gb=40.250,                                    
                    mem/max_reserved_gb=50.790, epoch=2,                        
                    lr/DistributedMuon=9.52e-04,                                
                    lr/AdamW=9.52e-05, global_step=66578                        
[13:13:21] INFO     train/confidence_loss=0.311,                  trainer.py:799
                    train/confidence_abs_error=0.231,                           
                    train/confidence_pred_mean=0.608,                           
                    train/confidence_cumprod_bias=-0.011,                       
                    train/loss=0.836, train/ce_loss=1.125,                      
                    train/tv_loss=0.229, train/accept_rate=0.604,               
                    train/accept_len=3.225, train/full_acc=0.624,               
                    train/position_0_acc=0.796,                                 
                    train/position_1_acc=0.685,                                 
                    train/position_2_acc=0.606,                                 
                    train/position_3_acc=0.536,                                 
                    train/position_4_acc=0.497,                                 
                    train/hard_accept_len=3.305,                                
                    profile/fetch_ms=28.459,                                    
                    profile/fwd_ms=523.141,                                     
                    profile/bwd_ms=1.32e+03,                                    
                    profile/opt_ms=993.951,                                     
                    profile/step_ms=2.86e+03,                                   
                    profile/tokens_per_s=988.235,                               
                    profile/fetch_frac=0.010,                                   
                    profile/grad_norm=0.440,                                    
                    profile/fetch_ms_ranks=[28.5, 17.8, 18.4,                   
                    18.8, 22.8, 18.5, 23.0, 18.6],                              
                    profile/fetch_ms_max=28.500,                                
                    profile/align_ms=1.400,                                     
                    profile/sup_tokens_ranks=[2558, 2448, 2948,                 
                    2288, 2696, 2554, 2641, 2539],                              
                    profile/sup_tokens_skew_max=1.129,                          
                    profile/sup_tokens_skew_min=0.876,                          
                    profile/sup_tokens_spread=0.255,                            
                    mem/alloc_gb=14.700, mem/reserved_gb=50.790,                
                    mem/max_alloc_gb=40.250,                                    
                    mem/max_reserved_gb=50.790, epoch=2,                        
                    lr/DistributedMuon=9.52e-04,                                
                    lr/AdamW=9.52e-05, global_step=66579                        
[13:13:24] INFO     train/confidence_loss=0.293,                  trainer.py:799
                    train/confidence_abs_error=0.224,                           
                    train/confidence_pred_mean=0.645,                           
                    train/confidence_cumprod_bias=-0.016,                       
                    train/loss=0.767, train/ce_loss=1.039,                      
                    train/tv_loss=0.206, train/accept_rate=0.642,               
                    train/accept_len=3.487, train/full_acc=0.660,               
                    train/position_0_acc=0.829,                                 
                    train/position_1_acc=0.717,                                 
                    train/position_2_acc=0.634,                                 
                    train/position_3_acc=0.588,                                 
                    train/position_4_acc=0.532,                                 
                    train/hard_accept_len=3.595,                                
                    profile/fetch_ms=28.075,                                    
                    profile/fwd_ms=528.206,                                     
                    profile/bwd_ms=1.33e+03,                                    
                    profile/opt_ms=1.01e+03,                                    
                    profile/step_ms=2.90e+03,                                   
                    profile/tokens_per_s=903.521,                               
                    profile/fetch_frac=0.010,                                   
                    profile/grad_norm=0.412,                                    
                    profile/fetch_ms_ranks=[28.1, 19.5, 19.4,                   
                    19.5, 22.4, 19.3, 23.4, 19.3],                              
                    profile/fetch_ms_max=28.100,                                
                    profile/align_ms=1.500,                                     
                    profile/sup_tokens_ranks=[1779, 2344, 1985,                 
                    2967, 3008, 2492, 2483, 1948],                              
                    profile/sup_tokens_skew_max=1.335,                          
                    profile/sup_tokens_skew_min=0.790,                          
                    profile/sup_tokens_spread=0.517,                            
                    mem/alloc_gb=14.700, mem/reserved_gb=50.790,                
                    mem/max_alloc_gb=40.250,                                    
                    mem/max_reserved_gb=50.790, epoch=2,                        
                    lr/DistributedMuon=9.52e-04,                                
                    lr/AdamW=9.52e-05, global_step=66580                        
[13:13:27] INFO     train/confidence_loss=0.264,                  trainer.py:799
                    train/confidence_abs_error=0.201,                           
                    train/confidence_pred_mean=0.687,                           
                    train/confidence_cumprod_bias=-0.019,                       
                    train/loss=0.671, train/ce_loss=0.852,                      
                    train/tv_loss=0.178, train/accept_rate=0.689,               
                    train/accept_len=3.759, train/full_acc=0.705,               
                    train/position_0_acc=0.853,                                 
                    train/position_1_acc=0.762,                                 
                    train/position_2_acc=0.685,                                 
                    train/position_3_acc=0.641,                                 
                    train/position_4_acc=0.581,                                 
                    train/hard_accept_len=3.852,                                
                    profile/fetch_ms=26.683,                                    
                    profile/fwd_ms=512.082,                                     
                    profile/bwd_ms=1.30e+03,                                    
                    profile/opt_ms=991.348,                                     
                    profile/step_ms=2.83e+03,                                   
                    profile/tokens_per_s=1.06e+03,                              
                    profile/fetch_frac=0.009,                                   
                    profile/grad_norm=0.432,                                    
                    profile/fetch_ms_ranks=[26.7, 17.4, 18.1,                   
                    17.9, 22.4, 21.9, 22.0, 21.9],                              
                    profile/fetch_ms_max=26.700,                                
                    profile/align_ms=1.400,                                     
                    profile/sup_tokens_ranks=[2231, 2334, 2048,                 
                    1799, 3008, 2826, 2786, 2696],                              
                    profile/sup_tokens_skew_max=1.371,                          
                    profile/sup_tokens_skew_min=0.820,                          
                    profile/sup_tokens_spread=0.490,                            
                    mem/alloc_gb=14.700, mem/reserved_gb=50.790,                
                    mem/max_alloc_gb=40.250,                                    
                    mem/max_reserved_gb=50.790, epoch=2,                        
                    lr/DistributedMuon=9.51e-04,                                
                    lr/AdamW=9.51e-05, global_step=66581                        
[13:13:30] INFO     train/confidence_loss=0.254,                  trainer.py:799
                    train/confidence_abs_error=0.196,                           
                    train/confidence_pred_mean=0.723,                           
                    train/confidence_cumprod_bias=-0.011,                       
                    train/loss=0.619, train/ce_loss=0.762,                      
                    train/tv_loss=0.160, train/accept_rate=0.715,               
                    train/accept_len=3.943, train/full_acc=0.727,               
                    train/position_0_acc=0.882,                                 
                    train/position_1_acc=0.786,                                 
                    train/position_2_acc=0.721,                                 
                    train/position_3_acc=0.649,                                 
                    train/position_4_acc=0.597,                                 
                    train/hard_accept_len=4.017,                                
                    profile/fetch_ms=28.913,                                    
                    profile/fwd_ms=528.733,                                     
                    profile/bwd_ms=1.31e+03,                                    
                    profile/opt_ms=991.831,                                     
                    profile/step_ms=2.86e+03,                                   
                    profile/tokens_per_s=1.06e+03,                              
                    profile/fetch_frac=0.010,                                   
                    profile/grad_norm=0.420,                                    
                    profile/fetch_ms_ranks=[28.9, 18.2, 18.8,                   
                    19.1, 22.0, 18.7, 22.0, 19.3],                              
                    profile/fetch_ms_max=28.900,                                
                    profile/align_ms=1.900,                                     
                    profile/sup_tokens_ranks=[2659, 2802, 2400,                 
                    1642, 2565, 2576, 2783, 2334],                              
                    profile/sup_tokens_skew_max=1.504,                          
                    profile/sup_tokens_skew_min=0.882,                          
                    profile/sup_tokens_spread=0.470,                            
                    mem/alloc_gb=14.700, mem/reserved_gb=50.790,                
                    mem/max_alloc_gb=40.250,                                    
                    mem/max_reserved_gb=50.790, epoch=2,                        
                    lr/DistributedMuon=9.51e-04,                                
                    lr/AdamW=9.51e-05, global_step=66582                        
[13:13:33] INFO     train/confidence_loss=0.285,                  trainer.py:799
                    train/confidence_abs_error=0.220,                           
                    train/confidence_pred_mean=0.639,                           
                    train/confidence_cumprod_bias=-0.032,                       
                    train/loss=0.737, train/ce_loss=0.953,                      
                    train/tv_loss=0.199, train/accept_rate=0.650,               
                    train/accept_len=3.534, train/full_acc=0.668,               
                    train/position_0_acc=0.841,                                 
                    train/position_1_acc=0.740,                                 
                    train/position_2_acc=0.661,                                 
                    train/position_3_acc=0.582,                                 
                    train/position_4_acc=0.516,                                 
                    train/hard_accept_len=3.631,                                
                    profile/fetch_ms=30.457,                                    
                    profile/fwd_ms=574.158,                                     
                    profile/bwd_ms=1.32e+03,                                    
                    profile/opt_ms=992.260,                                     
                    profile/step_ms=2.92e+03,                                   
                    profile/tokens_per_s=1.02e+03,                              
                    profile/fetch_frac=0.010,                                   
                    profile/grad_norm=0.615,                                    
                    profile/fetch_ms_ranks=[30.5, 18.3, 19.7,                   
                    19.0, 23.1, 19.2, 23.9, 19.4],                              
                    profile/fetch_ms_max=30.500,                                
                    profile/align_ms=2.000,                                     
                    profile/sup_tokens_ranks=[2769, 2734, 2682,                 
                    2434, 2954, 2849, 1493, 2440],                              
                    profile/sup_tokens_skew_max=1.704,                          
                    profile/sup_tokens_skew_min=0.861,                          
                    profile/sup_tokens_spread=0.574,                            
                    mem/alloc_gb=14.700, mem/reserved_gb=50.790,                
                    mem/max_alloc_gb=40.250,                                    
                    mem/max_reserved_gb=50.790, epoch=2,                        
                    lr/DistributedMuon=9.51e-04,                                
                    lr/AdamW=9.51e-05, global_step=66583                        
[13:13:35] INFO     train/confidence_loss=0.305,                  trainer.py:799
                    train/confidence_abs_error=0.221,                           
                    train/confidence_pred_mean=0.593,                           
                    train/confidence_cumprod_bias=-0.033,                       
                    train/loss=0.816, train/ce_loss=1.109,                      
                    train/tv_loss=0.223, train/accept_rate=0.615,               
                    train/accept_len=3.309, train/full_acc=0.631,               
                    train/position_0_acc=0.803,                                 
                    train/position_1_acc=0.686,                                 
                    train/position_2_acc=0.607,                                 
                    train/position_3_acc=0.548,                                 
                    train/position_4_acc=0.510,                                 
                    train/hard_accept_len=3.371,                                
                    profile/fetch_ms=29.466,                                    
                    profile/fwd_ms=539.773,                                     
                    profile/bwd_ms=1.31e+03,                                    
                    profile/opt_ms=992.404,                                     
                    profile/step_ms=2.87e+03,                                   
                    profile/tokens_per_s=1.03e+03,                              
                    profile/fetch_frac=0.010,                                   
                    profile/grad_norm=0.846,                                    
                    profile/fetch_ms_ranks=[29.5, 18.1, 20.0,                   
                    18.3, 23.2, 18.7, 23.3, 18.6],                              
                    profile/fetch_ms_max=29.500,                                
                    profile/align_ms=1.900,                                     
                    profile/sup_tokens_ranks=[2654, 2324, 2671,                 
                    2173, 2524, 2613, 2118, 2549],                              
                    profile/sup_tokens_skew_max=1.158,                          
                    profile/sup_tokens_skew_min=0.918,                          
                    profile/sup_tokens_spread=0.225,                            
                    mem/alloc_gb=14.700, mem/reserved_gb=50.790,                
                    mem/max_alloc_gb=40.250,                                    
                    mem/max_reserved_gb=50.790, epoch=2,                        
                    lr/DistributedMuon=9.51e-04,                                
                    lr/AdamW=9.51e-05, global_step=66584                        
[13:13:38] INFO     train/confidence_loss=0.289,                  trainer.py:799
                    train/confidence_abs_error=0.217,                           
                    train/confidence_pred_mean=0.645,                           
                    train/confidence_cumprod_bias=-0.021,                       
                    train/loss=0.758, train/ce_loss=1.000,                      
                    train/tv_loss=0.204, train/accept_rate=0.646,               
                    train/accept_len=3.502, train/full_acc=0.660,               
                    train/position_0_acc=0.818,                                 
                    train/position_1_acc=0.725,                                 
                    train/position_2_acc=0.636,                                 
                    train/position_3_acc=0.579,                                 
                    train/position_4_acc=0.542,                                 
                    train/hard_accept_len=3.585,                                
                    profile/fetch_ms=27.849,                                    
                    profile/fwd_ms=623.086,                                     
                    profile/bwd_ms=1.33e+03,                                    
                    profile/opt_ms=991.302,                                     
                    profile/step_ms=2.97e+03,                                   
                    profile/tokens_per_s=1.03e+03,                              
                    profile/fetch_frac=0.009,                                   
                    profile/grad_norm=0.397,                                    
                    profile/fetch_ms_ranks=[27.8, 17.3, 18.3,                   
                    18.4, 22.5, 18.1, 22.2, 18.0],                              
                    profile/fetch_ms_max=27.800,                                
                    profile/align_ms=1.700,                                     
                    profile/sup_tokens_ranks=[2966, 2723, 2684,                 
                    2514, 2574, 2182, 2526, 1839],                              
                    profile/sup_tokens_skew_max=1.360,                          
                    profile/sup_tokens_skew_min=0.843,                          
                    profile/sup_tokens_spread=0.451,                            
                    mem/alloc_gb=14.700, mem/reserved_gb=50.790,                
                    mem/max_alloc_gb=40.250,                                    
                    mem/max_reserved_gb=50.790, epoch=2,                        
                    lr/DistributedMuon=9.51e-04,                                
                    lr/AdamW=9.51e-05, global_step=66585                        
[13:13:41] INFO     train/confidence_loss=0.277,                  trainer.py:799
                    train/confidence_abs_error=0.209,                           
                    train/confidence_pred_mean=0.678,                           
                    train/confidence_cumprod_bias=-0.020,                       
                    train/loss=0.694, train/ce_loss=0.848,                      
                    train/tv_loss=0.183, train/accept_rate=0.680,               
                    train/accept_len=3.677, train/full_acc=0.694,               
                    train/position_0_acc=0.840,                                 
                    train/position_1_acc=0.755,                                 
                    train/position_2_acc=0.688,                                 
                    train/position_3_acc=0.621,                                 
                    train/position_4_acc=0.563,                                 
                    train/hard_accept_len=3.745,                                
                    profile/fetch_ms=28.387,                                    
                    profile/fwd_ms=546.333,                                     
                    profile/bwd_ms=1.30e+03,                                    
                    profile/opt_ms=1.00e+03,                                    
                    profile/step_ms=2.88e+03,                                   
                    profile/tokens_per_s=1.02e+03,                              
                    profile/fetch_frac=0.010,                                   
                    profile/grad_norm=0.454,                                    
                    profile/fetch_ms_ranks=[28.4, 17.9, 18.3,                   
                    18.7, 23.0, 18.6, 22.9, 19.1],                              
                    profile/fetch_ms_max=28.400,                                
                    profile/align_ms=1.700,                                     
                    profile/sup_tokens_ranks=[2639, 2660, 2703,                 
                    2457, 2617, 2635, 2641, 1798],                              
                    profile/sup_tokens_skew_max=1.401,                          
                    profile/sup_tokens_skew_min=0.932,                          
                    profile/sup_tokens_spread=0.359,                            
                    mem/alloc_gb=14.700, mem/reserved_gb=50.790,                
                    mem/max_alloc_gb=40.250,                                    
                    mem/max_reserved_gb=50.790, epoch=2,                        
                    lr/DistributedMuon=9.51e-04,                                
                    lr/AdamW=9.51e-05, global_step=66586                        
[13:13:51] INFO     train/confidence_loss=0.309,                  trainer.py:799
                    train/confidence_abs_error=0.228,                           
                    train/confidence_pred_mean=0.615,                           
                    train/confidence_cumprod_bias=-0.006,                       
                    train/loss=0.837, train/ce_loss=1.148,                      
                    train/tv_loss=0.230, train/accept_rate=0.602,               
                    train/accept_len=3.262, train/full_acc=0.618,               
                    train/position_0_acc=0.797,                                 
                    train/position_1_acc=0.682,                                 
                    train/position_2_acc=0.598,                                 
                    train/position_3_acc=0.536,                                 
                    train/position_4_acc=0.477,                                 
                    train/hard_accept_len=3.331,                                
                    profile/fetch_ms=28.210,                                    
                    profile/fwd_ms=7.89e+03,                                    
                    profile/bwd_ms=1.31e+03,                                    
                    profile/opt_ms=990.780,                                     
                    profile/step_ms=1.02e+04,                                   
                    profile/tokens_per_s=286.826,                               
                    profile/fetch_frac=0.003,                                   
                    profile/grad_norm=0.594,                                    
                    profile/fetch_ms_ranks=[28.2, 18.1, 19.0,                   
                    18.6, 21.9, 7302.6, 23.2, 18.6],                            
                    profile/fetch_ms_max=7.30e+03,                              
                    profile/align_ms=1.600,                                     
                    profile/sup_tokens_ranks=[2613, 2265, 2726,                 
                    2645, 2454, 1831, 2425, 2046],                              
                    profile/sup_tokens_skew_max=1.297,                          
                    profile/sup_tokens_skew_min=0.872,                          
                    profile/sup_tokens_spread=0.377,                            
                    mem/alloc_gb=14.700, mem/reserved_gb=50.790,                
                    mem/max_alloc_gb=40.250,                                    
                    mem/max_reserved_gb=50.790, epoch=2,                        
                    lr/DistributedMuon=9.51e-04,                                
                    lr/AdamW=9.51e-05, global_step=66587                        
[13:13:54] INFO     train/confidence_loss=0.312,                  trainer.py:799
                    train/confidence_abs_error=0.228,                           
                    train/confidence_pred_mean=0.616,                           
                    train/confidence_cumprod_bias=-4.75e-04,                    
                    train/loss=0.843, train/ce_loss=1.133,                      
                    train/tv_loss=0.231, train/accept_rate=0.601,               
                    train/accept_len=3.204, train/full_acc=0.617,               
                    train/position_0_acc=0.797,                                 
                    train/position_1_acc=0.670,                                 
                    train/position_2_acc=0.596,                                 
                    train/position_3_acc=0.544,                                 
                    train/position_4_acc=0.476,                                 
                    train/hard_accept_len=3.264,                                
                    profile/fetch_ms=29.489,                                    
                    profile/fwd_ms=524.680,                                     
                    profile/bwd_ms=1.32e+03,                                    
                    profile/opt_ms=991.004,                                     
                    profile/step_ms=2.87e+03,                                   
                    profile/tokens_per_s=1.06e+03,                              
                    profile/fetch_frac=0.010,                                   
                    profile/grad_norm=0.635,                                    
                    profile/fetch_ms_ranks=[29.5, 19.0, 20.3,                   
                    19.8, 23.4, 19.2, 23.5, 19.7],                              
                    profile/fetch_ms_max=29.500,                                
                    profile/align_ms=1.500,                                     
                    profile/sup_tokens_ranks=[2359, 2621, 2664,                 
                    2690, 2712, 2688, 2915, 2808],                              
                    profile/sup_tokens_skew_max=1.137,                          
                    profile/sup_tokens_skew_min=0.920,                          
                    profile/sup_tokens_spread=0.207,                            
                    mem/alloc_gb=14.700, mem/reserved_gb=50.790,                
                    mem/max_alloc_gb=40.250,                                    
                    mem/max_reserved_gb=50.790, epoch=2,                        
                    lr/DistributedMuon=9.51e-04,                                
                    lr/AdamW=9.51e-05, global_step=66588                        
[13:13:57] INFO     train/confidence_loss=0.316,                  trainer.py:799
                    train/confidence_abs_error=0.233,                           
                    train/confidence_pred_mean=0.605,                           
                    train/confidence_cumprod_bias=-7.73e-04,                    
                    train/loss=0.863, train/ce_loss=1.172,                      
                    train/tv_loss=0.239, train/accept_rate=0.588,               
                    train/accept_len=3.153, train/full_acc=0.609,               
                    train/position_0_acc=0.783,                                 
                    train/position_1_acc=0.673,                                 
                    train/position_2_acc=0.595,                                 
                    train/position_3_acc=0.521,                                 
                    train/position_4_acc=0.472,                                 
                    train/hard_accept_len=3.229,                                
                    profile/fetch_ms=30.194,                                    
                    profile/fwd_ms=519.967,                                     
                    profile/bwd_ms=1.36e+03,                                    
                    profile/opt_ms=991.433,                                     
                    profile/step_ms=2.90e+03,                                   
                    profile/tokens_per_s=1.04e+03,                              
                    profile/fetch_frac=0.010,                                   
                    profile/grad_norm=0.635,                                    
                    profile/fetch_ms_ranks=[30.2, 18.1, 19.5,                   
                    18.8, 23.4, 18.9, 23.4, 18.9],                              
                    profile/fetch_ms_max=30.200,                                
                    profile/align_ms=1.500,                                     
                    profile/sup_tokens_ranks=[1941, 2431, 1118,                 
                    2281, 2838, 2386, 2747, 1742],                              
                    profile/sup_tokens_skew_max=1.955,                          
                    profile/sup_tokens_skew_min=0.770,                          
                    profile/sup_tokens_spread=0.787,                            
                    mem/alloc_gb=14.700, mem/reserved_gb=50.790,                
                    mem/max_alloc_gb=40.250,                                    
                    mem/max_reserved_gb=50.790, epoch=2,                        
                    lr/DistributedMuon=9.51e-04,                                
                    lr/AdamW=9.51e-05, global_step=66589                        
[13:14:00] INFO     train/confidence_loss=0.285,                  trainer.py:799
                    train/confidence_abs_error=0.219,                           
                    train/confidence_pred_mean=0.660,                           
                    train/confidence_cumprod_bias=-0.015,                       
                    train/loss=0.728, train/ce_loss=0.938,                      
                    train/tv_loss=0.194, train/accept_rate=0.660,               
                    train/accept_len=3.561, train/full_acc=0.678,               
                    train/position_0_acc=0.840,                                 
                    train/position_1_acc=0.743,                                 
                    train/position_2_acc=0.665,                                 
                    train/position_3_acc=0.603,                                 
                    train/position_4_acc=0.537,                                 
                    train/hard_accept_len=3.642,                                
                    profile/fetch_ms=28.308,                                    
                    profile/fwd_ms=582.717,                                     
                    profile/bwd_ms=1.32e+03,                                    
                    profile/opt_ms=989.662,                                     
                    profile/step_ms=2.92e+03,                                   
                    profile/tokens_per_s=1.04e+03,                              
                    profile/fetch_frac=0.010,                                   
                    profile/grad_norm=0.377,                                    
                    profile/fetch_ms_ranks=[28.3, 17.4, 19.4,                   
                    18.4, 22.8, 18.3, 22.9, 17.9],                              
                    profile/fetch_ms_max=28.300,                                
                    profile/align_ms=1.400,                                     
                    profile/sup_tokens_ranks=[2187, 2539, 2666,                 
                    1847, 2697, 2961, 2465, 2785],                              
                    profile/sup_tokens_skew_max=1.363,                          
                    profile/sup_tokens_skew_min=0.851,                          
                    profile/sup_tokens_spread=0.442,                            
                    mem/alloc_gb=14.700, mem/reserved_gb=50.790,                
                    mem/max_alloc_gb=40.250,                                    
                    mem/max_reserved_gb=50.790, epoch=2,                        
                    lr/DistributedMuon=9.51e-04,                                
                    lr/AdamW=9.51e-05, global_step=66590                        
[13:14:03] INFO     train/confidence_loss=0.262,                  trainer.py:799
                    train/confidence_abs_error=0.198,                           
                    train/confidence_pred_mean=0.698,                           
                    train/confidence_cumprod_bias=-0.015,                       
                    train/loss=0.653, train/ce_loss=0.812,                      
                    train/tv_loss=0.172, train/accept_rate=0.699,               
                    train/accept_len=3.814, train/full_acc=0.713,               
                    train/position_0_acc=0.858,                                 
                    train/position_1_acc=0.774,                                 
                    train/position_2_acc=0.689,                                 
                    train/position_3_acc=0.650,                                 
                    train/position_4_acc=0.594,                                 
                    train/hard_accept_len=3.886,                                
                    profile/fetch_ms=29.147,                                    
                    profile/fwd_ms=532.282,                                     
                    profile/bwd_ms=1.33e+03,                                    
                    profile/opt_ms=993.514,                                     
                    profile/step_ms=2.88e+03,                                   
                    profile/tokens_per_s=990.176,                               
                    profile/fetch_frac=0.010,                                   
                    profile/grad_norm=0.376,                                    
                    profile/fetch_ms_ranks=[29.1, 18.3, 19.3,                   
                    19.1, 23.0, 19.0, 23.2, 18.8],                              
                    profile/fetch_ms_max=29.100,                                
                    profile/align_ms=1.700,                                     
                    profile/sup_tokens_ranks=[2567, 2610, 2604,                 
                    1335, 2096, 2380, 3044, 2704],                              
                    profile/sup_tokens_skew_max=1.811,                          
                    profile/sup_tokens_skew_min=0.794,                          
                    profile/sup_tokens_spread=0.707,                            
                    mem/alloc_gb=14.700, mem/reserved_gb=50.790,                
                    mem/max_alloc_gb=40.250,                                    
                    mem/max_reserved_gb=50.790, epoch=2,                        
                    lr/DistributedMuon=9.51e-04,                                
                    lr/AdamW=9.51e-05, global_step=66591                        
[13:14:06] INFO     train/confidence_loss=0.312,                  trainer.py:799
                    train/confidence_abs_error=0.227,                           
                    train/confidence_pred_mean=0.585,                           
                    train/confidence_cumprod_bias=-0.024,                       
                    train/loss=0.853, train/ce_loss=1.172,                      
                    train/tv_loss=0.235, train/accept_rate=0.596,               
                    train/accept_len=3.188, train/full_acc=0.610,               
                    train/position_0_acc=0.780,                                 
                    train/position_1_acc=0.679,                                 
                    train/position_2_acc=0.595,                                 
                    train/position_3_acc=0.524,                                 
                    train/position_4_acc=0.473,                                 
                    train/hard_accept_len=3.254,                                
                    profile/fetch_ms=27.781,                                    
                    profile/fwd_ms=517.463,                                     
                    profile/bwd_ms=1.36e+03,                                    
                    profile/opt_ms=991.457,                                     
                    profile/step_ms=2.90e+03,                                   
                    profile/tokens_per_s=1.05e+03,                              
                    profile/fetch_frac=0.010,                                   
                    profile/grad_norm=0.562,                                    
                    profile/fetch_ms_ranks=[27.8, 18.1, 19.1,                   
                    18.7, 22.8, 18.3, 22.9, 18.4],                              
                    profile/fetch_ms_max=27.800,                                
                    profile/align_ms=1.600,                                     
                    profile/sup_tokens_ranks=[2755, 2380, 2857,                 
                    2358, 2777, 2579, 2777, 2844],                              
                    profile/sup_tokens_skew_max=1.131,                          
                    profile/sup_tokens_skew_min=0.933,                          
                    profile/sup_tokens_spread=0.187,                            
                    mem/alloc_gb=14.700, mem/reserved_gb=50.790,                
                    mem/max_alloc_gb=40.250,                                    
                    mem/max_reserved_gb=50.790, epoch=2,                        
                    lr/DistributedMuon=9.51e-04,                                
                    lr/AdamW=9.51e-05, global_step=66592                        
[13:14:09] INFO     train/confidence_loss=0.320,                  trainer.py:799
                    train/confidence_abs_error=0.234,                           
                    train/confidence_pred_mean=0.591,                           
                    train/confidence_cumprod_bias=-0.018,                       
                    train/loss=0.863, train/ce_loss=1.180,                      
                    train/tv_loss=0.237, train/accept_rate=0.590,               
                    train/accept_len=3.152, train/full_acc=0.606,               
                    train/position_0_acc=0.783,                                 
                    train/position_1_acc=0.677,                                 
                    train/position_2_acc=0.583,                                 
                    train/position_3_acc=0.523,                                 
                    train/position_4_acc=0.460,                                 
                    train/hard_accept_len=3.203,                                
                    profile/fetch_ms=30.829,                                    
                    profile/fwd_ms=595.133,                                     
                    profile/bwd_ms=1.33e+03,                                    
                    profile/opt_ms=993.316,                                     
                    profile/step_ms=2.95e+03,                                   
                    profile/tokens_per_s=963.689,                               
                    profile/fetch_frac=0.010,                                   
                    profile/grad_norm=0.455,                                    
                    profile/fetch_ms_ranks=[30.8, 19.7, 20.9,                   
                    20.6, 25.0, 43.7, 25.1, 20.6],                              
                    profile/fetch_ms_max=43.700,                                
                    profile/align_ms=1.700,                                     
                    profile/sup_tokens_ranks=[2282, 2498, 2444,                 
                    2546, 2604, 1298, 2186, 2553],                              
                    profile/sup_tokens_skew_max=1.773,                          
                    profile/sup_tokens_skew_min=0.884,                          
                    profile/sup_tokens_spread=0.568,                            
                    mem/alloc_gb=14.700, mem/reserved_gb=50.790,                
                    mem/max_alloc_gb=40.250,                                    
                    mem/max_reserved_gb=50.790, epoch=2,                        
                    lr/DistributedMuon=9.51e-04,                                
                    lr/AdamW=9.51e-05, global_step=66593                        
[13:14:12] INFO     train/confidence_loss=0.309,                  trainer.py:799
                    train/confidence_abs_error=0.230,                           
                    train/confidence_pred_mean=0.616,                           
                    train/confidence_cumprod_bias=-0.017,                       
                    train/loss=0.815, train/ce_loss=1.078,                      
                    train/tv_loss=0.221, train/accept_rate=0.615,               
                    train/accept_len=3.289, train/full_acc=0.635,               
                    train/position_0_acc=0.813,                                 
                    train/position_1_acc=0.703,                                 
                    train/position_2_acc=0.614,                                 
                    train/position_3_acc=0.536,                                 
                    train/position_4_acc=0.507,                                 
                    train/hard_accept_len=3.378,                                
                    profile/fetch_ms=28.371,                                    
                    profile/fwd_ms=528.422,                                     
                    profile/bwd_ms=1.32e+03,                                    
                    profile/opt_ms=1.00e+03,                                    
                    profile/step_ms=2.88e+03,                                   
                    profile/tokens_per_s=997.709,                               
                    profile/fetch_frac=0.010,                                   
                    profile/grad_norm=0.434,                                    
                    profile/fetch_ms_ranks=[28.4, 17.8, 19.0,                   
                    18.6, 19.8, 18.9, 19.8, 18.9],                              
                    profile/fetch_ms_max=28.400,                                
                    profile/align_ms=1.800,                                     
                    profile/sup_tokens_ranks=[2277, 2156, 2688,                 
                    1424, 2328, 2748, 2634, 2189],                              
                    profile/sup_tokens_skew_max=1.619,                          
                    profile/sup_tokens_skew_min=0.839,                          
                    profile/sup_tokens_spread=0.574,                            
                    mem/alloc_gb=14.700, mem/reserved_gb=50.790,                
                    mem/max_alloc_gb=40.250,                                    
                    mem/max_reserved_gb=50.790, epoch=2,                        
                    lr/DistributedMuon=9.51e-04,                                
                    lr/AdamW=9.51e-05, global_step=66594                        
[13:14:15] INFO     train/confidence_loss=0.273,                  trainer.py:799
                    train/confidence_abs_error=0.206,                           
                    train/confidence_pred_mean=0.688,                           
                    train/confidence_cumprod_bias=-0.022,                       
                    train/loss=0.678, train/ce_loss=0.836,                      
                    train/tv_loss=0.178, train/accept_rate=0.691,               
                    train/accept_len=3.737, train/full_acc=0.708,               
                    train/position_0_acc=0.843,                                 
                    train/position_1_acc=0.765,                                 
                    train/position_2_acc=0.691,                                 
                    train/position_3_acc=0.659,                                 
                    train/position_4_acc=0.579,                                 
                    train/hard_accept_len=3.834,                                
                    profile/fetch_ms=28.233,                                    
                    profile/fwd_ms=855.993,                                     
                    profile/bwd_ms=1.34e+03,                                    
                    profile/opt_ms=992.288,                                     
                    profile/step_ms=3.21e+03,                                   
                    profile/tokens_per_s=921.869,                               
                    profile/fetch_frac=0.009,                                   
                    profile/grad_norm=0.464,                                    
                    profile/fetch_ms_ranks=[28.2, 18.2, 19.1,                   
                    19.3, 20.0, 18.8, 21.5, 19.4],                              
                    profile/fetch_ms_max=28.200,                                
                    profile/align_ms=1.700,                                     
                    profile/sup_tokens_ranks=[1875, 2724, 2708,                 
                    2904, 2650, 2294, 2629, 2633],                              
                    profile/sup_tokens_skew_max=1.361,                          
                    profile/sup_tokens_skew_min=0.879,                          
                    profile/sup_tokens_spread=0.403,                            
                    mem/alloc_gb=14.700, mem/reserved_gb=50.790,                
                    mem/max_alloc_gb=40.250,                                    
                    mem/max_reserved_gb=50.790, epoch=2,                        
                    lr/DistributedMuon=9.51e-04,                                
                    lr/AdamW=9.51e-05, global_step=66595                        
[13:14:18] INFO     train/confidence_loss=0.281,                  trainer.py:799
                    train/confidence_abs_error=0.210,                           
                    train/confidence_pred_mean=0.663,                           
                    train/confidence_cumprod_bias=-0.017,                       
                    train/loss=0.726, train/ce_loss=0.965,                      
                    train/tv_loss=0.194, train/accept_rate=0.661,               
                    train/accept_len=3.617, train/full_acc=0.677,               
                    train/position_0_acc=0.830,                                 
                    train/position_1_acc=0.741,                                 
                    train/position_2_acc=0.662,                                 
                    train/position_3_acc=0.599,                                 
                    train/position_4_acc=0.551,                                 
                    train/hard_accept_len=3.691,                                
                    profile/fetch_ms=29.927,                                    
                    profile/fwd_ms=551.113,                                     
                    profile/bwd_ms=1.31e+03,                                    
                    profile/opt_ms=991.675,                                     
                    profile/step_ms=2.88e+03,                                   
                    profile/tokens_per_s=1.04e+03,                              
                    profile/fetch_frac=0.010,                                   
                    profile/grad_norm=0.419,                                    
                    profile/fetch_ms_ranks=[29.9, 20.1, 21.0,                   
                    20.2, 24.1, 19.7, 24.4, 21.3],                              
                    profile/fetch_ms_max=29.900,                                
                    profile/align_ms=1.900,                                     
                    profile/sup_tokens_ranks=[1763, 2412, 2521,                 
                    2958, 2377, 2619, 2120, 2197],                              
                    profile/sup_tokens_skew_max=1.345,                          
                    profile/sup_tokens_skew_min=0.801,                          
                    profile/sup_tokens_spread=0.504,                            
                    mem/alloc_gb=14.700, mem/reserved_gb=50.790,                
                    mem/max_alloc_gb=40.250,                                    
                    mem/max_reserved_gb=50.790, epoch=2,                        
                    lr/DistributedMuon=9.51e-04,                                
                    lr/AdamW=9.51e-05, global_step=66596                        
[13:14:21] INFO     train/confidence_loss=0.262,                  trainer.py:799
                    train/confidence_abs_error=0.199,                           
                    train/confidence_pred_mean=0.710,                           
                    train/confidence_cumprod_bias=-0.019,                       
                    train/loss=0.631, train/ce_loss=0.750,                      
                    train/tv_loss=0.164, train/accept_rate=0.711,               
                    train/accept_len=3.861, train/full_acc=0.725,               
                    train/position_0_acc=0.865,                                 
                    train/position_1_acc=0.793,                                 
                    train/position_2_acc=0.718,                                 
                    train/position_3_acc=0.646,                                 
                    train/position_4_acc=0.603,                                 
                    train/hard_accept_len=3.948,                                
                    profile/fetch_ms=28.493,                                    
                    profile/fwd_ms=914.524,                                     
                    profile/bwd_ms=1.35e+03,                                    
                    profile/opt_ms=990.806,                                     
                    profile/step_ms=3.28e+03,                                   
                    profile/tokens_per_s=936.189,                               
                    profile/fetch_frac=0.009,                                   
                    profile/grad_norm=0.402,                                    
                    profile/fetch_ms_ranks=[28.5, 18.1, 18.9,                   
                    18.4, 22.7, 18.4, 22.9, 18.7],                              
                    profile/fetch_ms_max=28.500,                                
                    profile/align_ms=1.600,                                     
                    profile/sup_tokens_ranks=[2765, 1999, 2698,                 
                    2749, 2980, 2785, 2581, 2323],                              
                    profile/sup_tokens_skew_max=1.306,                          
                    profile/sup_tokens_skew_min=0.876,                          
                    profile/sup_tokens_spread=0.376,                            
                    mem/alloc_gb=14.700, mem/reserved_gb=50.790,                
                    mem/max_alloc_gb=40.250,                                    
                    mem/max_reserved_gb=50.790, epoch=2,                        
                    lr/DistributedMuon=9.51e-04,                                
                    lr/AdamW=9.51e-05, global_step=66597                        
[13:14:24] INFO     train/confidence_loss=0.275,                  trainer.py:799
                    train/confidence_abs_error=0.208,                           
                    train/confidence_pred_mean=0.671,                           
                    train/confidence_cumprod_bias=-0.008,                       
                    train/loss=0.725, train/ce_loss=0.977,                      
                    train/tv_loss=0.196, train/accept_rate=0.661,               
                    train/accept_len=3.599, train/full_acc=0.675,               
                    train/position_0_acc=0.824,                                 
                    train/position_1_acc=0.734,                                 
                    train/position_2_acc=0.663,                                 
                    train/position_3_acc=0.601,                                 
                    train/position_4_acc=0.551,                                 
                    train/hard_accept_len=3.658,                                
                    profile/fetch_ms=28.545,                                    
                    profile/fwd_ms=528.387,                                     
                    profile/bwd_ms=1.35e+03,                                    
                    profile/opt_ms=991.400,                                     
                    profile/step_ms=2.90e+03,                                   
                    profile/tokens_per_s=1.01e+03,                              
                    profile/fetch_frac=0.010,                                   
                    profile/grad_norm=0.474,                                    
                    profile/fetch_ms_ranks=[28.5, 17.8, 18.6,                   
                    18.4, 22.4, 18.2, 22.7, 18.6],                              
                    profile/fetch_ms_max=28.500,                                
                    profile/align_ms=1.600,                                     
                    profile/sup_tokens_ranks=[2501, 2327, 2716,                 
                    1483, 2668, 2980, 2744, 2669],                              
                    profile/sup_tokens_skew_max=1.693,                          
                    profile/sup_tokens_skew_min=0.843,                          
                    profile/sup_tokens_spread=0.596,                            
                    mem/alloc_gb=14.700, mem/reserved_gb=50.790,                
                    mem/max_alloc_gb=40.250,                                    
                    mem/max_reserved_gb=50.790, epoch=2,                        
                    lr/DistributedMuon=9.51e-04,                                
                    lr/AdamW=9.51e-05, global_step=66598                        
[13:14:27] INFO     train/confidence_loss=0.275,                  trainer.py:799
                    train/confidence_abs_error=0.208,                           
                    train/confidence_pred_mean=0.667,                           
                    train/confidence_cumprod_bias=-0.013,                       
                    train/loss=0.716, train/ce_loss=0.941,                      
                    train/tv_loss=0.193, train/accept_rate=0.665,               
                    train/accept_len=3.613, train/full_acc=0.680,               
                    train/position_0_acc=0.829,                                 
                    train/position_1_acc=0.735,                                 
                    train/position_2_acc=0.669,                                 
                    train/position_3_acc=0.610,                                 
                    train/position_4_acc=0.554,                                 
                    train/hard_accept_len=3.685,                                
                    profile/fetch_ms=29.409,                                    
                    profile/fwd_ms=520.571,                                     
                    profile/bwd_ms=1.31e+03,                                    
                    profile/opt_ms=991.930,                                     
                    profile/step_ms=2.85e+03,                                   
                    profile/tokens_per_s=978.838,                               
                    profile/fetch_frac=0.010,                                   
                    profile/grad_norm=0.432,                                    
                    profile/fetch_ms_ranks=[29.4, 18.6, 20.0,                   
                    19.4, 24.0, 19.5, 24.2, 19.5],                              
                    profile/fetch_ms_max=29.400,                                
                    profile/align_ms=1.700,                                     
                    profile/sup_tokens_ranks=[2570, 2477, 2588,                 
                    2551, 2692, 2212, 3035, 1971],                              
                    profile/sup_tokens_skew_max=1.274,                          
                    profile/sup_tokens_skew_min=0.828,                          
                    profile/sup_tokens_spread=0.424,                            
                    mem/alloc_gb=14.700, mem/reserved_gb=50.790,                
                    mem/max_alloc_gb=40.250,                                    
                    mem/max_reserved_gb=50.790, epoch=2,                        
                    lr/DistributedMuon=9.51e-04,                                
                    lr/AdamW=9.51e-05, global_step=66599                        
[13:14:30] INFO     train/confidence_loss=0.305,                  trainer.py:799
                    train/confidence_abs_error=0.228,                           
                    train/confidence_pred_mean=0.630,                           
                    train/confidence_cumprod_bias=-0.008,                       
                    train/loss=0.809, train/ce_loss=1.086,                      
                    train/tv_loss=0.219, train/accept_rate=0.618,               
                    train/accept_len=3.327, train/full_acc=0.636,               
                    train/position_0_acc=0.815,                                 
                    train/position_1_acc=0.704,                                 
                    train/position_2_acc=0.619,                                 
                    train/position_3_acc=0.545,                                 
                    train/position_4_acc=0.497,                                 
                    train/hard_accept_len=3.402,                                
                    profile/fetch_ms=27.823,                                    
                    profile/fwd_ms=525.076,                                     
                    profile/bwd_ms=1.32e+03,                                    
                    profile/opt_ms=990.796,                                     
                    profile/step_ms=2.86e+03,                                   
                    profile/tokens_per_s=1.01e+03,                              
                    profile/fetch_frac=0.010,                                   
                    profile/grad_norm=0.566,                                    
                    profile/fetch_ms_ranks=[27.8, 17.5, 19.2,                   
                    19.1, 21.8, 18.7, 21.9, 18.4],                              
                    profile/fetch_ms_max=27.800,                                
                    profile/align_ms=1.700,                                     
                    profile/sup_tokens_ranks=[2820, 2617, 2563,                 
                    2588, 2477, 2494, 2515, 2837],                              
                    profile/sup_tokens_skew_max=1.055,                          
                    profile/sup_tokens_skew_min=0.921,                          
                    profile/sup_tokens_spread=0.138,                            
                    mem/alloc_gb=14.700, mem/reserved_gb=50.790,                
                    mem/max_alloc_gb=40.250,                                    
                    mem/max_reserved_gb=50.790, epoch=2,                        
                    lr/DistributedMuon=9.51e-04,                                
                    lr/AdamW=9.51e-05, global_step=66600                        
[13:14:33] INFO     train/confidence_loss=0.260,                  trainer.py:799
                    train/confidence_abs_error=0.205,                           
                    train/confidence_pred_mean=0.706,                           
                    train/confidence_cumprod_bias=-0.011,                       
                    train/loss=0.647, train/ce_loss=0.828,                      
                    train/tv_loss=0.169, train/accept_rate=0.700,               
                    train/accept_len=3.855, train/full_acc=0.716,               
                    train/position_0_acc=0.867,                                 
                    train/position_1_acc=0.777,                                 
                    train/position_2_acc=0.704,                                 
                    train/position_3_acc=0.641,                                 
                    train/position_4_acc=0.588,                                 
                    train/hard_accept_len=3.933,                                
                    profile/fetch_ms=29.454,                                    
                    profile/fwd_ms=560.056,                                     
                    profile/bwd_ms=1.31e+03,                                    
                    profile/opt_ms=992.660,                                     
                    profile/step_ms=2.89e+03,                                   
                    profile/tokens_per_s=1.06e+03,                              
                    profile/fetch_frac=0.010,                                   
                    profile/grad_norm=0.440,                                    
                    profile/fetch_ms_ranks=[29.5, 19.9, 20.0,                   
                    20.8, 19.6, 20.0, 19.9, 19.3],                              
                    profile/fetch_ms_max=29.500,                                
                    profile/align_ms=1.800,                                     
                    profile/sup_tokens_ranks=[2934, 3032, 1798,                 
                    2005, 2655, 2439, 2467, 2652],                              
                    profile/sup_tokens_skew_max=1.389,                          
                    profile/sup_tokens_skew_min=0.824,                          
                    profile/sup_tokens_spread=0.494,                            
                    mem/alloc_gb=14.700, mem/reserved_gb=50.790,                
                    mem/max_alloc_gb=40.250,                                    
                    mem/max_reserved_gb=50.790, epoch=2,                        
                    lr/DistributedMuon=9.51e-04,                                
                    lr/AdamW=9.51e-05, global_step=66601                        
[13:14:36] INFO     train/confidence_loss=0.289,                  trainer.py:799
                    train/confidence_abs_error=0.217,                           
                    train/confidence_pred_mean=0.653,                           
                    train/confidence_cumprod_bias=-0.013,                       
                    train/loss=0.751, train/ce_loss=0.980,                      
                    train/tv_loss=0.202, train/accept_rate=0.650,               
                    train/accept_len=3.470, train/full_acc=0.668,               
                    train/position_0_acc=0.822,                                 
                    train/position_1_acc=0.718,                                 
                    train/position_2_acc=0.651,                                 
                    train/position_3_acc=0.599,                                 
                    train/position_4_acc=0.551,                                 
                    train/hard_accept_len=3.567,                                
                    profile/fetch_ms=28.271,                                    
                    profile/fwd_ms=519.784,                                     
                    profile/bwd_ms=1.32e+03,                                    
                    profile/opt_ms=992.431,                                     
                    profile/step_ms=2.86e+03,                                   
                    profile/tokens_per_s=1.06e+03,                              
                    profile/fetch_frac=0.010,                                   
                    profile/grad_norm=0.407,                                    
                    profile/fetch_ms_ranks=[28.3, 18.5, 18.8,                   
                    18.8, 22.9, 21.5, 22.7, 21.2],                              
                    profile/fetch_ms_max=28.300,                                
                    profile/align_ms=1.700,                                     
                    profile/sup_tokens_ranks=[1675, 2713, 2541,                 
                    2441, 2590, 2646, 2332, 2328],                              
                    profile/sup_tokens_skew_max=1.438,                          
                    profile/sup_tokens_skew_min=0.888,                          
                    profile/sup_tokens_spread=0.431,                            
                    mem/alloc_gb=14.700, mem/reserved_gb=50.790,                
                    mem/max_alloc_gb=40.250,                                    
                    mem/max_reserved_gb=50.790, epoch=2,                        
                    lr/DistributedMuon=9.51e-04,                                
                    lr/AdamW=9.51e-05, global_step=66602                        
[13:14:38] INFO     train/confidence_loss=0.297,                  trainer.py:799
                    train/confidence_abs_error=0.226,                           
                    train/confidence_pred_mean=0.624,                           
                    train/confidence_cumprod_bias=-0.013,                       
                    train/loss=0.796, train/ce_loss=1.078,                      
                    train/tv_loss=0.216, train/accept_rate=0.623,               
                    train/accept_len=3.376, train/full_acc=0.642,               
                    train/position_0_acc=0.817,                                 
                    train/position_1_acc=0.712,                                 
                    train/position_2_acc=0.617,                                 
                    train/position_3_acc=0.559,                                 
                    train/position_4_acc=0.506,                                 
                    train/hard_accept_len=3.453,                                
                    profile/fetch_ms=28.418,                                    
                    profile/fwd_ms=525.110,                                     
                    profile/bwd_ms=1.32e+03,                                    
                    profile/opt_ms=991.954,                                     
                    profile/step_ms=2.86e+03,                                   
                    profile/tokens_per_s=966.309,                               
                    profile/fetch_frac=0.010,                                   
                    profile/grad_norm=0.404,                                    
                    profile/fetch_ms_ranks=[28.4, 18.5, 19.3,                   
                    19.0, 23.1, 19.9, 23.3, 19.4],                              
                    profile/fetch_ms_max=28.400,                                
                    profile/align_ms=1.600,                                     
                    profile/sup_tokens_ranks=[2275, 2807, 2984,                 
                    2864, 2276, 2481, 2719, 2677],                              
                    profile/sup_tokens_skew_max=1.158,                          
                    profile/sup_tokens_skew_min=0.883,                          
                    profile/sup_tokens_spread=0.269,                            
                    mem/alloc_gb=14.700, mem/reserved_gb=50.790,                
                    mem/max_alloc_gb=40.250,                                    
                    mem/max_reserved_gb=50.790, epoch=2,                        
                    lr/DistributedMuon=9.51e-04,                                
                    lr/AdamW=9.51e-05, global_step=66603                        
[13:14:41] INFO     train/confidence_loss=0.258,                  trainer.py:799
                    train/confidence_abs_error=0.204,                           
                    train/confidence_pred_mean=0.689,                           
                    train/confidence_cumprod_bias=-0.026,                       
                    train/loss=0.647, train/ce_loss=0.836,                      
                    train/tv_loss=0.171, train/accept_rate=0.699,               
                    train/accept_len=3.813, train/full_acc=0.711,               
                    train/position_0_acc=0.858,                                 
                    train/position_1_acc=0.773,                                 
                    train/position_2_acc=0.705,                                 
                    train/position_3_acc=0.628,                                 
                    train/position_4_acc=0.588,                                 
                    train/hard_accept_len=3.867,                                
                    profile/fetch_ms=29.263,                                    
                    profile/fwd_ms=551.245,                                     
                    profile/bwd_ms=1.31e+03,                                    
                    profile/opt_ms=992.618,                                     
                    profile/step_ms=2.88e+03,                                   
                    profile/tokens_per_s=1.01e+03,                              
                    profile/fetch_frac=0.010,                                   
                    profile/grad_norm=0.492,                                    
                    profile/fetch_ms_ranks=[29.3, 18.7, 19.4,                   
                    19.2, 23.1, 19.8, 23.5, 19.3],                              
                    profile/fetch_ms_max=29.300,                                
                    profile/align_ms=1.800,                                     
                    profile/sup_tokens_ranks=[2071, 2691, 2820,                 
                    1892, 2807, 2629, 2783, 2059],                              
                    profile/sup_tokens_skew_max=1.305,                          
                    profile/sup_tokens_skew_min=0.875,                          
                    profile/sup_tokens_spread=0.376,                            
                    mem/alloc_gb=14.700, mem/reserved_gb=50.790,                
                    mem/max_alloc_gb=40.250,                                    
                    mem/max_reserved_gb=50.790, epoch=2,                        
                    lr/DistributedMuon=9.51e-04,                                
                    lr/AdamW=9.51e-05, global_step=66604                        
[13:14:44] INFO     train/confidence_loss=0.252,                  trainer.py:799
                    train/confidence_abs_error=0.199,                           
                    train/confidence_pred_mean=0.707,                           
                    train/confidence_cumprod_bias=-0.021,                       
                    train/loss=0.630, train/ce_loss=0.812,                      
                    train/tv_loss=0.165, train/accept_rate=0.709,               
                    train/accept_len=3.907, train/full_acc=0.722,               
                    train/position_0_acc=0.866,                                 
                    train/position_1_acc=0.779,                                 
                    train/position_2_acc=0.712,                                 
                    train/position_3_acc=0.647,                                 
                    train/position_4_acc=0.603,                                 
                    train/hard_accept_len=3.971,                                
                    profile/fetch_ms=30.687,                                    
                    profile/fwd_ms=521.091,                                     
                    profile/bwd_ms=1.31e+03,                                    
                    profile/opt_ms=993.955,                                     
                    profile/step_ms=2.86e+03,                                   
                    profile/tokens_per_s=1.02e+03,                              
                    profile/fetch_frac=0.011,                                   
                    profile/grad_norm=0.411,                                    
                    profile/fetch_ms_ranks=[30.7, 17.7, 18.2,                   
                    19.2, 19.1, 18.2, 19.1, 17.8],                              
                    profile/fetch_ms_max=30.700,                                
                    profile/align_ms=1.500,                                     
                    profile/sup_tokens_ranks=[2096, 2551, 2818,                 
                    2200, 2838, 2579, 2613, 2554],                              
                    profile/sup_tokens_skew_max=1.208,                          
                    profile/sup_tokens_skew_min=0.892,                          
                    profile/sup_tokens_spread=0.293,                            
                    mem/alloc_gb=14.700, mem/reserved_gb=50.790,                
                    mem/max_alloc_gb=40.250,                                    
                    mem/max_reserved_gb=50.790, epoch=2,                        
                    lr/DistributedMuon=9.51e-04,                                
                    lr/AdamW=9.51e-05, global_step=66605                        
[13:14:47] INFO     train/confidence_loss=0.293,                  trainer.py:799
                    train/confidence_abs_error=0.219,                           
                    train/confidence_pred_mean=0.627,                           
                    train/confidence_cumprod_bias=-0.021,                       
                    train/loss=0.780, train/ce_loss=1.047,                      
                    train/tv_loss=0.212, train/accept_rate=0.632,               
                    train/accept_len=3.400, train/full_acc=0.645,               
                    train/position_0_acc=0.815,                                 
                    train/position_1_acc=0.696,                                 
                    train/position_2_acc=0.633,                                 
                    train/position_3_acc=0.561,                                 
                    train/position_4_acc=0.521,                                 
                    train/hard_accept_len=3.459,                                
                    profile/fetch_ms=28.128,                                    
                    profile/fwd_ms=522.039,                                     
                    profile/bwd_ms=1.31e+03,                                    
                    profile/opt_ms=991.245,                                     
                    profile/step_ms=2.86e+03,                                   
                    profile/tokens_per_s=1.02e+03,                              
                    profile/fetch_frac=0.010,                                   
                    profile/grad_norm=0.518,                                    
                    profile/fetch_ms_ranks=[28.1, 20.6, 18.4,                   
                    21.1, 19.1, 17.9, 19.1, 17.6],                              
                    profile/fetch_ms_max=28.100,                                
                    profile/align_ms=1.600,                                     
                    profile/sup_tokens_ranks=[2578, 1834, 1897,                 
                    1730, 1666, 2676, 2360, 2532],                              
                    profile/sup_tokens_skew_max=1.296,                          
                    profile/sup_tokens_skew_min=0.807,                          
                    profile/sup_tokens_spread=0.468,                            
                    mem/alloc_gb=14.700, mem/reserved_gb=50.790,                
                    mem/max_alloc_gb=40.250,                                    
                    mem/max_reserved_gb=50.790, epoch=2,                        
                    lr/DistributedMuon=9.51e-04,                                
                    lr/AdamW=9.51e-05, global_step=66606                        
[13:14:50] INFO     train/confidence_loss=0.295,                  trainer.py:799
                    train/confidence_abs_error=0.223,                           
                    train/confidence_pred_mean=0.623,                           
                    train/confidence_cumprod_bias=-0.023,                       
                    train/loss=0.788, train/ce_loss=1.094,                      
                    train/tv_loss=0.214, train/accept_rate=0.628,               
                    train/accept_len=3.397, train/full_acc=0.645,               
                    train/position_0_acc=0.817,                                 
                    train/position_1_acc=0.708,                                 
                    train/position_2_acc=0.631,                                 
                    train/position_3_acc=0.568,                                 
                    train/position_4_acc=0.501,                                 
                    train/hard_accept_len=3.466,                                
                    profile/fetch_ms=28.098,                                    
                    profile/fwd_ms=662.250,                                     
                    profile/bwd_ms=1.31e+03,                                    
                    profile/opt_ms=994.367,                                     
                    profile/step_ms=3.00e+03,                                   
                    profile/tokens_per_s=1.02e+03,                              
                    profile/fetch_frac=0.009,                                   
                    profile/grad_norm=0.515,                                    
                    profile/fetch_ms_ranks=[28.1, 17.8, 18.6,                   
                    18.8, 23.4, 18.0, 23.2, 19.0],                              
                    profile/fetch_ms_max=28.100,                                
                    profile/align_ms=1.500,                                     
                    profile/sup_tokens_ranks=[2638, 2515, 2281,                 
                    2729, 2685, 2368, 2814, 2637],                              
                    profile/sup_tokens_skew_max=1.133,                          
                    profile/sup_tokens_skew_min=0.918,                          
                    profile/sup_tokens_spread=0.206,                            
                    mem/alloc_gb=14.700, mem/reserved_gb=50.790,                
                    mem/max_alloc_gb=40.250,                                    
                    mem/max_reserved_gb=50.790, epoch=2,                        
                    lr/DistributedMuon=9.51e-04,                                
                    lr/AdamW=9.51e-05, global_step=66607                        
[13:14:53] INFO     train/confidence_loss=0.258,                  trainer.py:799
                    train/confidence_abs_error=0.209,                           
                    train/confidence_pred_mean=0.706,                           
                    train/confidence_cumprod_bias=-0.014,                       
                    train/loss=0.633, train/ce_loss=0.785,                      
                    train/tv_loss=0.165, train/accept_rate=0.702,               
                    train/accept_len=3.875, train/full_acc=0.720,               
                    train/position_0_acc=0.887,                                 
                    train/position_1_acc=0.793,                                 
                    train/position_2_acc=0.711,                                 
                    train/position_3_acc=0.625,                                 
                    train/position_4_acc=0.581,                                 
                    train/hard_accept_len=3.962,                                
                    profile/fetch_ms=29.200,                                    
                    profile/fwd_ms=518.594,                                     
                    profile/bwd_ms=1.37e+03,                                    
                    profile/opt_ms=994.296,                                     
                    profile/step_ms=2.91e+03,                                   
                    profile/tokens_per_s=941.355,                               
                    profile/fetch_frac=0.010,                                   
                    profile/grad_norm=0.384,                                    
                    profile/fetch_ms_ranks=[29.2, 18.5, 19.5,                   
                    19.7, 23.5, 19.1, 23.4, 18.4],                              
                    profile/fetch_ms_max=29.200,                                
                    profile/align_ms=1.800,                                     
                    profile/sup_tokens_ranks=[2548, 2493, 2255,                 
                    2426, 2528, 2487, 1467, 2525],                              
                    profile/sup_tokens_skew_max=1.596,                          
                    profile/sup_tokens_skew_min=0.919,                          
                    profile/sup_tokens_spread=0.462,                            
                    mem/alloc_gb=14.700, mem/reserved_gb=50.790,                
                    mem/max_alloc_gb=40.250,                                    
                    mem/max_reserved_gb=50.790, epoch=2,                        
                    lr/DistributedMuon=9.51e-04,                                
                    lr/AdamW=9.51e-05, global_step=66608                        
[13:14:56] INFO     train/confidence_loss=0.268,                  trainer.py:799
                    train/confidence_abs_error=0.204,                           
                    train/confidence_pred_mean=0.667,                           
                    train/confidence_cumprod_bias=-0.012,                       
                    train/loss=0.719, train/ce_loss=0.980,                      
                    train/tv_loss=0.195, train/accept_rate=0.661,               
                    train/accept_len=3.614, train/full_acc=0.679,               
                    train/position_0_acc=0.835,                                 
                    train/position_1_acc=0.731,                                 
                    train/position_2_acc=0.666,                                 
                    train/position_3_acc=0.610,                                 
                    train/position_4_acc=0.550,                                 
                    train/hard_accept_len=3.694,                                
                    profile/fetch_ms=27.441,                                    
                    profile/fwd_ms=528.494,                                     
                    profile/bwd_ms=1.34e+03,                                    
                    profile/opt_ms=991.019,                                     
                    profile/step_ms=2.89e+03,                                   
                    profile/tokens_per_s=1.06e+03,                              
                    profile/fetch_frac=0.010,                                   
                    profile/grad_norm=0.424,                                    
                    profile/fetch_ms_ranks=[27.4, 17.1, 18.1,                   
                    18.1, 22.2, 17.9, 22.4, 17.8],                              
                    profile/fetch_ms_max=27.400,                                
                    profile/align_ms=1.700,                                     
                    profile/sup_tokens_ranks=[1064, 2963, 2676,                 
                    2617, 2473, 2286, 2337, 2255],                              
                    profile/sup_tokens_skew_max=2.193,                          
                    profile/sup_tokens_skew_min=0.788,                          
                    profile/sup_tokens_spread=0.814,                            
                    mem/alloc_gb=14.700, mem/reserved_gb=50.790,                
                    mem/max_alloc_gb=40.250,                                    
                    mem/max_reserved_gb=50.790, epoch=2,                        
                    lr/DistributedMuon=9.51e-04,                                
                    lr/AdamW=9.51e-05, global_step=66609                        
[13:14:59] INFO     train/confidence_loss=0.285,                  trainer.py:799
                    train/confidence_abs_error=0.214,                           
                    train/confidence_pred_mean=0.661,                           
                    train/confidence_cumprod_bias=-0.012,                       
                    train/loss=0.730, train/ce_loss=0.938,                      
                    train/tv_loss=0.196, train/accept_rate=0.660,               
                    train/accept_len=3.561, train/full_acc=0.676,               
                    train/position_0_acc=0.827,                                 
                    train/position_1_acc=0.743,                                 
                    train/position_2_acc=0.669,                                 
                    train/position_3_acc=0.597,                                 
                    train/position_4_acc=0.543,                                 
                    train/hard_accept_len=3.626,                                
                    profile/fetch_ms=28.242,                                    
                    profile/fwd_ms=559.558,                                     
                    profile/bwd_ms=1.34e+03,                                    
                    profile/opt_ms=993.110,                                     
                    profile/step_ms=2.92e+03,                                   
                    profile/tokens_per_s=1.01e+03,                              
                    profile/fetch_frac=0.010,                                   
                    profile/grad_norm=0.380,                                    
                    profile/fetch_ms_ranks=[28.2, 18.8, 18.9,                   
                    18.6, 22.4, 18.7, 22.4, 19.4],                              
                    profile/fetch_ms_max=28.200,                                
                    profile/align_ms=1.700,                                     
                    profile/sup_tokens_ranks=[2095, 2994, 2102,                 
                    2533, 2343, 2669, 2329, 2516],                              
                    profile/sup_tokens_skew_max=1.168,                          
                    profile/sup_tokens_skew_min=0.818,                          
                    profile/sup_tokens_spread=0.367,                            
                    mem/alloc_gb=14.700, mem/reserved_gb=50.790,                
                    mem/max_alloc_gb=40.250,                                    
                    mem/max_reserved_gb=50.790, epoch=2,                        
                    lr/DistributedMuon=9.51e-04,                                
                    lr/AdamW=9.51e-05, global_step=66610                        
[13:15:02] INFO     train/confidence_loss=0.291,                  trainer.py:799
                    train/confidence_abs_error=0.223,                           
                    train/confidence_pred_mean=0.639,                           
                    train/confidence_cumprod_bias=-0.008,                       
                    train/loss=0.769, train/ce_loss=1.023,                      
                    train/tv_loss=0.209, train/accept_rate=0.635,               
                    train/accept_len=3.448, train/full_acc=0.647,               
                    train/position_0_acc=0.824,                                 
                    train/position_1_acc=0.718,                                 
                    train/position_2_acc=0.630,                                 
                    train/position_3_acc=0.552,                                 
                    train/position_4_acc=0.508,                                 
                    train/hard_accept_len=3.496,                                
                    profile/fetch_ms=29.369,                                    
                    profile/fwd_ms=525.954,                                     
                    profile/bwd_ms=1.33e+03,                                    
                    profile/opt_ms=994.369,                                     
                    profile/step_ms=2.87e+03,                                   
                    profile/tokens_per_s=1.02e+03,                              
                    profile/fetch_frac=0.010,                                   
                    profile/grad_norm=0.431,                                    
                    profile/fetch_ms_ranks=[29.4, 17.4, 18.4,                   
                    18.2, 21.5, 18.0, 21.5, 17.9],                              
                    profile/fetch_ms_max=29.400,                                
                    profile/align_ms=1.800,                                     
                    profile/sup_tokens_ranks=[2639, 2101, 2999,                 
                    2704, 2733, 2358, 1937, 2299],                              
                    profile/sup_tokens_skew_max=1.276,                          
                    profile/sup_tokens_skew_min=0.824,                          
                    profile/sup_tokens_spread=0.430,                            
                    mem/alloc_gb=14.700, mem/reserved_gb=50.790,                
                    mem/max_alloc_gb=40.250,                                    
                    mem/max_reserved_gb=50.790, epoch=2,                        
                    lr/DistributedMuon=9.51e-04,                                
                    lr/AdamW=9.51e-05, global_step=66611                        
[13:15:04] INFO     train/confidence_loss=0.285,                  trainer.py:799
                    train/confidence_abs_error=0.221,                           
                    train/confidence_pred_mean=0.630,                           
                    train/confidence_cumprod_bias=-0.026,                       
                    train/loss=0.765, train/ce_loss=1.047,                      
                    train/tv_loss=0.209, train/accept_rate=0.635,               
                    train/accept_len=3.475, train/full_acc=0.652,               
                    train/position_0_acc=0.826,                                 
                    train/position_1_acc=0.715,                                 
                    train/position_2_acc=0.639,                                 
                    train/position_3_acc=0.569,                                 
                    train/position_4_acc=0.509,                                 
                    train/hard_accept_len=3.552,                                
                    profile/fetch_ms=27.394,                                    
                    profile/fwd_ms=542.485,                                     
                    profile/bwd_ms=1.35e+03,                                    
                    profile/opt_ms=991.685,                                     
                    profile/step_ms=2.91e+03,                                   
                    profile/tokens_per_s=971.987,                               
                    profile/fetch_frac=0.009,                                   
                    profile/grad_norm=0.488,                                    
                    profile/fetch_ms_ranks=[27.4, 17.9, 19.8,                   
                    20.0, 23.1, 18.3, 22.0, 19.9],                              
                    profile/fetch_ms_max=27.400,                                
                    profile/align_ms=1.700,                                     
                    profile/sup_tokens_ranks=[2572, 2549, 1751,                 
                    3007, 2785, 2541, 1936, 2674],                              
                    profile/sup_tokens_skew_max=1.415,                          
                    profile/sup_tokens_skew_min=0.824,                          
                    profile/sup_tokens_spread=0.507,                            
                    mem/alloc_gb=14.700, mem/reserved_gb=50.790,                
                    mem/max_alloc_gb=40.250,                                    
                    mem/max_reserved_gb=50.790, epoch=2,                        
                    lr/DistributedMuon=9.51e-04,                                
                    lr/AdamW=9.51e-05, global_step=66612                        
[13:15:07] INFO     train/confidence_loss=0.260,                  trainer.py:799
                    train/confidence_abs_error=0.202,                           
                    train/confidence_pred_mean=0.697,                           
                    train/confidence_cumprod_bias=-0.011,                       
                    train/loss=0.655, train/ce_loss=0.828,                      
                    train/tv_loss=0.173, train/accept_rate=0.695,               
                    train/accept_len=3.771, train/full_acc=0.710,               
                    train/position_0_acc=0.863,                                 
                    train/position_1_acc=0.766,                                 
                    train/position_2_acc=0.696,                                 
                    train/position_3_acc=0.638,                                 
                    train/position_4_acc=0.584,                                 
                    train/hard_accept_len=3.852,                                
                    profile/fetch_ms=30.446,                                    
                    profile/fwd_ms=571.040,                                     
                    profile/bwd_ms=1.32e+03,                                    
                    profile/opt_ms=992.165,                                     
                    profile/step_ms=2.92e+03,                                   
                    profile/tokens_per_s=1.04e+03,                              
                    profile/fetch_frac=0.010,                                   
                    profile/grad_norm=0.377,                                    
                    profile/fetch_ms_ranks=[30.4, 19.8, 20.9,                   
                    20.8, 24.5, 23.6, 24.8, 24.3],                              
                    profile/fetch_ms_max=30.400,                                
                    profile/align_ms=1.900,                                     
                    profile/sup_tokens_ranks=[2462, 2447, 2708,                 
                    2830, 2996, 2821, 2713, 2845],                              
                    profile/sup_tokens_skew_max=1.115,                          
                    profile/sup_tokens_skew_min=0.910,                          
                    profile/sup_tokens_spread=0.201,                            
                    mem/alloc_gb=14.700, mem/reserved_gb=50.790,                
                    mem/max_alloc_gb=40.250,                                    
                    mem/max_reserved_gb=50.790, epoch=2,                        
                    lr/DistributedMuon=9.51e-04,                                
                    lr/AdamW=9.51e-05, global_step=66613                        
[13:15:10] INFO     train/confidence_loss=0.277,                  trainer.py:799
                    train/confidence_abs_error=0.207,                           
                    train/confidence_pred_mean=0.678,                           
                    train/confidence_cumprod_bias=-0.011,                       
                    train/loss=0.706, train/ce_loss=0.914,                      
                    train/tv_loss=0.188, train/accept_rate=0.674,               
                    train/accept_len=3.656, train/full_acc=0.690,               
                    train/position_0_acc=0.835,                                 
                    train/position_1_acc=0.750,                                 
                    train/position_2_acc=0.670,                                 
                    train/position_3_acc=0.620,                                 
                    train/position_4_acc=0.571,                                 
                    train/hard_accept_len=3.717,                                
                    profile/fetch_ms=28.061,                                    
                    profile/fwd_ms=520.202,                                     
                    profile/bwd_ms=1.30e+03,                                    
                    profile/opt_ms=995.394,                                     
                    profile/step_ms=2.85e+03,                                   
                    profile/tokens_per_s=1.05e+03,                              
                    profile/fetch_frac=0.010,                                   
                    profile/grad_norm=0.416,                                    
                    profile/fetch_ms_ranks=[28.1, 17.4, 18.6,                   
                    18.2, 19.7, 18.2, 19.1, 18.2],                              
                    profile/fetch_ms_max=28.100,                                
                    profile/align_ms=1.800,                                     
                    profile/sup_tokens_ranks=[2514, 2597, 2256,                 
                    2240, 2568, 2805, 2641, 2687],                              
                    profile/sup_tokens_skew_max=1.133,                          
                    profile/sup_tokens_skew_min=0.905,                          
                    profile/sup_tokens_spread=0.223,                            
                    mem/alloc_gb=14.700, mem/reserved_gb=50.790,                
                    mem/max_alloc_gb=40.250,                                    
                    mem/max_reserved_gb=50.790, epoch=2,                        
                    lr/DistributedMuon=9.51e-04,                                
                    lr/AdamW=9.51e-05, global_step=66614                        
[13:15:13] INFO     train/confidence_loss=0.283,                  trainer.py:799
                    train/confidence_abs_error=0.215,                           
                    train/confidence_pred_mean=0.643,                           
                    train/confidence_cumprod_bias=-0.009,                       
                    train/loss=0.769, train/ce_loss=1.078,                      
                    train/tv_loss=0.210, train/accept_rate=0.635,               
                    train/accept_len=3.467, train/full_acc=0.648,               
                    train/position_0_acc=0.824,                                 
                    train/position_1_acc=0.709,                                 
                    train/position_2_acc=0.624,                                 
                    train/position_3_acc=0.567,                                 
                    train/position_4_acc=0.516,                                 
                    train/hard_accept_len=3.532,                                
                    profile/fetch_ms=27.772,                                    
                    profile/fwd_ms=520.856,                                     
                    profile/bwd_ms=1.34e+03,                                    
                    profile/opt_ms=991.836,                                     
                    profile/step_ms=2.88e+03,                                   
                    profile/tokens_per_s=1.05e+03,                              
                    profile/fetch_frac=0.010,                                   
                    profile/grad_norm=0.498,                                    
                    profile/fetch_ms_ranks=[27.8, 17.3, 19.0,                   
                    19.1, 21.7, 21.3, 21.9, 21.0],                              
                    profile/fetch_ms_max=27.800,                                
                    profile/align_ms=1.700,                                     
                    profile/sup_tokens_ranks=[2835, 2650, 2013,                 
                    1549, 2622, 2627, 2747, 2992],                              
                    profile/sup_tokens_skew_max=1.617,                          
                    profile/sup_tokens_skew_min=0.837,                          
                    profile/sup_tokens_spread=0.576,                            
                    mem/alloc_gb=14.700, mem/reserved_gb=50.790,                
                    mem/max_alloc_gb=40.250,                                    
                    mem/max_reserved_gb=50.790, epoch=2,                        
                    lr/DistributedMuon=9.51e-04,                                
                    lr/AdamW=9.51e-05, global_step=66615                        
[13:15:16] INFO     train/confidence_loss=0.271,                  trainer.py:799
                    train/confidence_abs_error=0.207,                           
                    train/confidence_pred_mean=0.691,                           
                    train/confidence_cumprod_bias=-0.012,                       
                    train/loss=0.682, train/ce_loss=0.871,                      
                    train/tv_loss=0.180, train/accept_rate=0.688,               
                    train/accept_len=3.716, train/full_acc=0.702,               
                    train/position_0_acc=0.843,                                 
                    train/position_1_acc=0.762,                                 
                    train/position_2_acc=0.681,                                 
                    train/position_3_acc=0.641,                                 
                    train/position_4_acc=0.579,                                 
                    train/hard_accept_len=3.785,                                
                    profile/fetch_ms=34.676,                                    
                    profile/fwd_ms=583.074,                                     
                    profile/bwd_ms=1.32e+03,                                    
                    profile/opt_ms=992.038,                                     
                    profile/step_ms=2.93e+03,                                   
                    profile/tokens_per_s=1.05e+03,                              
                    profile/fetch_frac=0.012,                                   
                    profile/grad_norm=0.401,                                    
                    profile/fetch_ms_ranks=[34.7, 24.7, 25.8,                   
                    25.4, 29.6, 25.3, 29.8, 25.7],                              
                    profile/fetch_ms_max=34.700,                                
                    profile/align_ms=1.700,                                     
                    profile/sup_tokens_ranks=[2921, 2670, 2663,                 
                    2771, 2651, 2167, 2331, 3000],                              
                    profile/sup_tokens_skew_max=1.221,                          
                    profile/sup_tokens_skew_min=0.882,                          
                    profile/sup_tokens_spread=0.315,                            
                    mem/alloc_gb=14.700, mem/reserved_gb=50.790,                
                    mem/max_alloc_gb=40.250,                                    
                    mem/max_reserved_gb=50.790, epoch=2,                        
                    lr/DistributedMuon=9.51e-04,                                
                    lr/AdamW=9.51e-05, global_step=66616                        
[13:15:19] INFO     train/confidence_loss=0.285,                  trainer.py:799
                    train/confidence_abs_error=0.214,                           
                    train/confidence_pred_mean=0.659,                           
                    train/confidence_cumprod_bias=-0.010,                       
                    train/loss=0.743, train/ce_loss=0.961,                      
                    train/tv_loss=0.201, train/accept_rate=0.648,               
                    train/accept_len=3.536, train/full_acc=0.664,               
                    train/position_0_acc=0.842,                                 
                    train/position_1_acc=0.719,                                 
                    train/position_2_acc=0.647,                                 
                    train/position_3_acc=0.592,                                 
                    train/position_4_acc=0.520,                                 
                    train/hard_accept_len=3.623,                                
                    profile/fetch_ms=28.166,                                    
                    profile/fwd_ms=521.967,                                     
                    profile/bwd_ms=1.33e+03,                                    
                    profile/opt_ms=992.776,                                     
                    profile/step_ms=2.87e+03,                                   
                    profile/tokens_per_s=1.00e+03,                              
                    profile/fetch_frac=0.010,                                   
                    profile/grad_norm=0.476,                                    
                    profile/fetch_ms_ranks=[28.2, 17.5, 18.3,                   
                    18.5, 22.6, 18.4, 22.6, 18.8],                              
                    profile/fetch_ms_max=28.200,                                
                    profile/align_ms=1.600,                                     
                    profile/sup_tokens_ranks=[2017, 2773, 2602,                 
                    2656, 2580, 2224, 1833, 2101],                              
                    profile/sup_tokens_skew_max=1.281,                          
                    profile/sup_tokens_skew_min=0.847,                          
                    profile/sup_tokens_spread=0.400,                            
                    mem/alloc_gb=14.700, mem/reserved_gb=50.790,                
                    mem/max_alloc_gb=40.250,                                    
                    mem/max_reserved_gb=50.790, epoch=2,                        
                    lr/DistributedMuon=9.51e-04,                                
                    lr/AdamW=9.51e-05, global_step=66617                        
[13:15:22] INFO     train/confidence_loss=0.279,                  trainer.py:799
                    train/confidence_abs_error=0.210,                           
                    train/confidence_pred_mean=0.658,                           
                    train/confidence_cumprod_bias=-0.016,                       
                    train/loss=0.726, train/ce_loss=0.953,                      
                    train/tv_loss=0.196, train/accept_rate=0.660,               
                    train/accept_len=3.592, train/full_acc=0.676,               
                    train/position_0_acc=0.829,                                 
                    train/position_1_acc=0.736,                                 
                    train/position_2_acc=0.674,                                 
                    train/position_3_acc=0.600,                                 
                    train/position_4_acc=0.538,                                 
                    train/hard_accept_len=3.679,                                
                    profile/fetch_ms=27.909,                                    
                    profile/fwd_ms=529.198,                                     
                    profile/bwd_ms=1.33e+03,                                    
                    profile/opt_ms=1.01e+03,                                    
                    profile/step_ms=2.89e+03,                                   
                    profile/tokens_per_s=1.04e+03,                              
                    profile/fetch_frac=0.010,                                   
                    profile/grad_norm=0.414,                                    
                    profile/fetch_ms_ranks=[27.9, 18.3, 19.2,                   
                    41.9, 23.1, 18.8, 23.2, 19.3],                              
                    profile/fetch_ms_max=41.900,                                
                    profile/align_ms=1.600,                                     
                    profile/sup_tokens_ranks=[1507, 3048, 2578,                 
                    2817, 2463, 2683, 2721, 2639],                              
                    profile/sup_tokens_skew_max=1.697,                          
                    profile/sup_tokens_skew_min=0.839,                          
                    profile/sup_tokens_spread=0.603,                            
                    mem/alloc_gb=14.700, mem/reserved_gb=50.790,                
                    mem/max_alloc_gb=40.250,                                    
                    mem/max_reserved_gb=50.790, epoch=2,                        
                    lr/DistributedMuon=9.51e-04,                                
                    lr/AdamW=9.51e-05, global_step=66618                        
[13:15:25] INFO     train/confidence_loss=0.295,                  trainer.py:799
                    train/confidence_abs_error=0.223,                           
                    train/confidence_pred_mean=0.634,                           
                    train/confidence_cumprod_bias=-0.017,                       
                    train/loss=0.783, train/ce_loss=1.070,                      
                    train/tv_loss=0.212, train/accept_rate=0.630,               
                    train/accept_len=3.421, train/full_acc=0.648,               
                    train/position_0_acc=0.821,                                 
                    train/position_1_acc=0.717,                                 
                    train/position_2_acc=0.629,                                 
                    train/position_3_acc=0.565,                                 
                    train/position_4_acc=0.508,                                 
                    train/hard_accept_len=3.512,                                
                    profile/fetch_ms=27.898,                                    
                    profile/fwd_ms=524.695,                                     
                    profile/bwd_ms=1.36e+03,                                    
                    profile/opt_ms=992.653,                                     
                    profile/step_ms=2.90e+03,                                   
                    profile/tokens_per_s=984.782,                               
                    profile/fetch_frac=0.010,                                   
                    profile/grad_norm=0.429,                                    
                    profile/fetch_ms_ranks=[27.9, 17.8, 18.3,                   
                    18.1, 22.0, 18.2, 22.3, 18.8],                              
                    profile/fetch_ms_max=27.900,                                
                    profile/align_ms=1.700,                                     
                    profile/sup_tokens_ranks=[2586, 2395, 2680,                 
                    2609, 2604, 2463, 2513, 2666],                              
                    profile/sup_tokens_skew_max=1.071,                          
                    profile/sup_tokens_skew_min=0.957,                          
                    profile/sup_tokens_spread=0.111,                            
                    mem/alloc_gb=14.700, mem/reserved_gb=50.790,                
                    mem/max_alloc_gb=40.250,                                    
                    mem/max_reserved_gb=50.790, epoch=2,                        
                    lr/DistributedMuon=9.50e-04,                                
                    lr/AdamW=9.50e-05, global_step=66619                        
[13:15:28] INFO     train/confidence_loss=0.301,                  trainer.py:799
                    train/confidence_abs_error=0.227,                           
                    train/confidence_pred_mean=0.609,                           
                    train/confidence_cumprod_bias=-0.015,                       
                    train/loss=0.823, train/ce_loss=1.164,                      
                    train/tv_loss=0.226, train/accept_rate=0.609,               
                    train/accept_len=3.293, train/full_acc=0.628,               
                    train/position_0_acc=0.806,                                 
                    train/position_1_acc=0.684,                                 
                    train/position_2_acc=0.610,                                 
                    train/position_3_acc=0.541,                                 
                    train/position_4_acc=0.499,                                 
                    train/hard_accept_len=3.380,                                
                    profile/fetch_ms=44.996,                                    
                    profile/fwd_ms=564.871,                                     
                    profile/bwd_ms=1.32e+03,                                    
                    profile/opt_ms=993.147,                                     
                    profile/step_ms=2.92e+03,                                   
                    profile/tokens_per_s=1.03e+03,                              
                    profile/fetch_frac=0.015,                                   
                    profile/grad_norm=0.408,                                    
                    profile/fetch_ms_ranks=[45.0, 18.1, 35.6,                   
                    35.3, 39.6, 35.3, 39.7, 34.8],                              
                    profile/fetch_ms_max=45.000,                                
                    profile/align_ms=1.700,                                     
                    profile/sup_tokens_ranks=[2659, 2605, 2766,                 
                    2786, 2757, 2667, 2378, 2754],                              
                    profile/sup_tokens_skew_max=1.123,                          
                    profile/sup_tokens_skew_min=0.959,                          
                    profile/sup_tokens_spread=0.153,                            
                    mem/alloc_gb=14.700, mem/reserved_gb=50.790,                
                    mem/max_alloc_gb=40.250,                                    
                    mem/max_reserved_gb=50.790, epoch=2,                        
                    lr/DistributedMuon=9.50e-04,                                
                    lr/AdamW=9.50e-05, global_step=66620                        
[13:15:31] INFO     train/confidence_loss=0.299,                  trainer.py:799
                    train/confidence_abs_error=0.222,                           
                    train/confidence_pred_mean=0.628,                           
                    train/confidence_cumprod_bias=-0.009,                       
                    train/loss=0.802, train/ce_loss=1.109,                      
                    train/tv_loss=0.219, train/accept_rate=0.619,               
                    train/accept_len=3.377, train/full_acc=0.634,               
                    train/position_0_acc=0.812,                                 
                    train/position_1_acc=0.701,                                 
                    train/position_2_acc=0.618,                                 
                    train/position_3_acc=0.543,                                 
                    train/position_4_acc=0.495,                                 
                    train/hard_accept_len=3.444,                                
                    profile/fetch_ms=28.066,                                    
                    profile/fwd_ms=528.660,                                     
                    profile/bwd_ms=1.34e+03,                                    
                    profile/opt_ms=1.01e+03,                                    
                    profile/step_ms=2.90e+03,                                   
                    profile/tokens_per_s=1.02e+03,                              
                    profile/fetch_frac=0.010,                                   
                    profile/grad_norm=0.436,                                    
                    profile/fetch_ms_ranks=[28.1, 18.4, 18.8,                   
                    18.7, 22.6, 22.2, 22.6, 22.6],                              
                    profile/fetch_ms_max=28.100,                                
                    profile/align_ms=1.700,                                     
                    profile/sup_tokens_ranks=[2545, 2747, 2749,                 
                    2597, 3003, 2432, 2334, 2790],                              
                    profile/sup_tokens_skew_max=1.135,                          
                    profile/sup_tokens_skew_min=0.882,                          
                    profile/sup_tokens_spread=0.253,                            
                    mem/alloc_gb=14.700, mem/reserved_gb=50.790,                
                    mem/max_alloc_gb=40.250,                                    
                    mem/max_reserved_gb=50.790, epoch=2,                        
                    lr/DistributedMuon=9.50e-04,                                
                    lr/AdamW=9.50e-05, global_step=66621                        
[13:15:34] INFO     train/confidence_loss=0.295,                  trainer.py:799
                    train/confidence_abs_error=0.227,                           
                    train/confidence_pred_mean=0.624,                           
                    train/confidence_cumprod_bias=-0.018,                       
                    train/loss=0.791, train/ce_loss=1.078,                      
                    train/tv_loss=0.215, train/accept_rate=0.625,               
                    train/accept_len=3.408, train/full_acc=0.641,               
                    train/position_0_acc=0.816,                                 
                    train/position_1_acc=0.699,                                 
                    train/position_2_acc=0.627,                                 
                    train/position_3_acc=0.553,                                 
                    train/position_4_acc=0.508,                                 
                    train/hard_accept_len=3.475,                                
                    profile/fetch_ms=27.494,                                    
                    profile/fwd_ms=877.112,                                     
                    profile/bwd_ms=1.34e+03,                                    
                    profile/opt_ms=994.593,                                     
                    profile/step_ms=3.24e+03,                                   
                    profile/tokens_per_s=789.171,                               
                    profile/fetch_frac=0.008,                                   
                    profile/grad_norm=0.438,                                    
                    profile/fetch_ms_ranks=[27.5, 17.0, 18.1,                   
                    18.0, 22.2, 17.6, 22.2, 17.4],                              
                    profile/fetch_ms_max=27.500,                                
                    profile/align_ms=1.600,                                     
                    profile/sup_tokens_ranks=[1629, 1961, 2223,                 
                    2305, 2299, 2976, 2981, 2360],                              
                    profile/sup_tokens_skew_max=1.438,                          
                    profile/sup_tokens_skew_min=0.786,                          
                    profile/sup_tokens_spread=0.577,                            
                    mem/alloc_gb=14.700, mem/reserved_gb=50.790,                
                    mem/max_alloc_gb=40.250,                                    
                    mem/max_reserved_gb=50.790, epoch=2,                        
                    lr/DistributedMuon=9.50e-04,                                
                    lr/AdamW=9.50e-05, global_step=66622                        
[13:15:41] INFO     train/confidence_loss=0.271,                  trainer.py:799
                    train/confidence_abs_error=0.208,                           
                    train/confidence_pred_mean=0.684,                           
                    train/confidence_cumprod_bias=-0.012,                       
                    train/loss=0.691, train/ce_loss=0.902,                      
                    train/tv_loss=0.183, train/accept_rate=0.678,               
                    train/accept_len=3.711, train/full_acc=0.691,               
                    train/position_0_acc=0.852,                                 
                    train/position_1_acc=0.748,                                 
                    train/position_2_acc=0.678,                                 
                    train/position_3_acc=0.625,                                 
                    train/position_4_acc=0.552,                                 
                    train/hard_accept_len=3.770,                                
                    profile/fetch_ms=29.462,                                    
                    profile/fwd_ms=5.00e+03,                                    
                    profile/bwd_ms=1.33e+03,                                    
                    profile/opt_ms=998.117,                                     
                    profile/step_ms=7.36e+03,                                   
                    profile/tokens_per_s=414.468,                               
                    profile/fetch_frac=0.004,                                   
                    profile/grad_norm=0.450,                                    
                    profile/fetch_ms_ranks=[29.5, 18.4, 19.2,                   
                    18.2, 23.4, 4112.2, 23.3, 18.4],                            
                    profile/fetch_ms_max=4.11e+03,                              
                    profile/align_ms=1.700,                                     
                    profile/sup_tokens_ranks=[2834, 2452, 2413,                 
                    1965, 2480, 2742, 3057, 1070],                              
                    profile/sup_tokens_skew_max=2.221,                          
                    profile/sup_tokens_skew_min=0.777,                          
                    profile/sup_tokens_spread=0.836,                            
                    mem/alloc_gb=14.700, mem/reserved_gb=50.790,                
                    mem/max_alloc_gb=40.250,                                    
                    mem/max_reserved_gb=50.790, epoch=2,                        
                    lr/DistributedMuon=9.50e-04,                                
                    lr/AdamW=9.50e-05, global_step=66623                        
[13:15:44] INFO     train/confidence_loss=0.256,                  trainer.py:799
                    train/confidence_abs_error=0.194,                           
                    train/confidence_pred_mean=0.693,                           
                    train/confidence_cumprod_bias=-0.020,                       
                    train/loss=0.647, train/ce_loss=0.828,                      
                    train/tv_loss=0.172, train/accept_rate=0.700,               
                    train/accept_len=3.820, train/full_acc=0.712,               
                    train/position_0_acc=0.851,                                 
                    train/position_1_acc=0.768,                                 
                    train/position_2_acc=0.704,                                 
                    train/position_3_acc=0.644,                                 
                    train/position_4_acc=0.592,                                 
                    train/hard_accept_len=3.877,                                
                    profile/fetch_ms=29.930,                                    
                    profile/fwd_ms=517.721,                                     
                    profile/bwd_ms=1.31e+03,                                    
                    profile/opt_ms=991.559,                                     
                    profile/step_ms=2.85e+03,                                   
                    profile/tokens_per_s=946.262,                               
                    profile/fetch_frac=0.011,                                   
                    profile/grad_norm=0.467,                                    
                    profile/fetch_ms_ranks=[29.9, 18.3, 18.4,                   
                    19.0, 22.4, 17.9, 22.6, 19.4],                              
                    profile/fetch_ms_max=29.900,                                
                    profile/align_ms=1.700,                                     
                    profile/sup_tokens_ranks=[2557, 2282, 2080,                 
                    2330, 2027, 1534, 1618, 1574],                              
                    profile/sup_tokens_skew_max=1.304,                          
                    profile/sup_tokens_skew_min=0.782,                          
                    profile/sup_tokens_spread=0.511,                            
                    mem/alloc_gb=14.700, mem/reserved_gb=50.790,                
                    mem/max_alloc_gb=40.250,                                    
                    mem/max_reserved_gb=50.790, epoch=2,                        
                    lr/DistributedMuon=9.50e-04,                                
                    lr/AdamW=9.50e-05, global_step=66624                        
[13:15:47] INFO     train/confidence_loss=0.262,                  trainer.py:799
                    train/confidence_abs_error=0.204,                           
                    train/confidence_pred_mean=0.714,                           
                    train/confidence_cumprod_bias=-0.013,                       
                    train/loss=0.627, train/ce_loss=0.746,                      
                    train/tv_loss=0.162, train/accept_rate=0.713,               
                    train/accept_len=3.876, train/full_acc=0.729,               
                    train/position_0_acc=0.868,                                 
                    train/position_1_acc=0.788,                                 
                    train/position_2_acc=0.717,                                 
                    train/position_3_acc=0.659,                                 
                    train/position_4_acc=0.613,                                 
                    train/hard_accept_len=3.946,                                
                    profile/fetch_ms=31.064,                                    
                    profile/fwd_ms=555.418,                                     
                    profile/bwd_ms=1.31e+03,                                    
                    profile/opt_ms=992.834,                                     
                    profile/step_ms=2.89e+03,                                   
                    profile/tokens_per_s=1.06e+03,                              
                    profile/fetch_frac=0.011,                                   
                    profile/grad_norm=0.415,                                    
                    profile/fetch_ms_ranks=[31.1, 17.9, 18.3,                   
                    18.9, 22.3, 18.8, 22.8, 19.0],                              
                    profile/fetch_ms_max=31.100,                                
                    profile/align_ms=1.700,                                     
                    profile/sup_tokens_ranks=[2987, 3061, 2308,                 
                    2639, 2662, 2470, 2459, 2625],                              
                    profile/sup_tokens_skew_max=1.149,                          
                    profile/sup_tokens_skew_min=0.866,                          
                    profile/sup_tokens_spread=0.284,                            
                    mem/alloc_gb=14.700, mem/reserved_gb=50.790,                
                    mem/max_alloc_gb=40.250,                                    
                    mem/max_reserved_gb=50.790, epoch=2,                        
                    lr/DistributedMuon=9.50e-04,                                
                    lr/AdamW=9.50e-05, global_step=66625                        
[13:15:50] INFO     train/confidence_loss=0.289,                  trainer.py:799
                    train/confidence_abs_error=0.219,                           
                    train/confidence_pred_mean=0.633,                           
                    train/confidence_cumprod_bias=-0.016,                       
                    train/loss=0.776, train/ce_loss=1.062,                      
                    train/tv_loss=0.211, train/accept_rate=0.633,               
                    train/accept_len=3.448, train/full_acc=0.650,               
                    train/position_0_acc=0.806,                                 
                    train/position_1_acc=0.716,                                 
                    train/position_2_acc=0.638,                                 
                    train/position_3_acc=0.569,                                 
                    train/position_4_acc=0.518,                                 
                    train/hard_accept_len=3.510,                                
                    profile/fetch_ms=28.777,                                    
                    profile/fwd_ms=525.616,                                     
                    profile/bwd_ms=1.32e+03,                                    
                    profile/opt_ms=993.105,                                     
                    profile/step_ms=2.87e+03,                                   
                    profile/tokens_per_s=1.03e+03,                              
                    profile/fetch_frac=0.010,                                   
                    profile/grad_norm=0.387,                                    
                    profile/fetch_ms_ranks=[28.8, 18.3, 19.5,                   
                    19.3, 23.6, 19.2, 23.4, 19.8],                              
                    profile/fetch_ms_max=28.800,                                
                    profile/align_ms=1.700,                                     
                    profile/sup_tokens_ranks=[2563, 3041, 2972,                 
                    2930, 2686, 2379, 2802, 2088],                              
                    profile/sup_tokens_skew_max=1.285,                          
                    profile/sup_tokens_skew_min=0.882,                          
                    profile/sup_tokens_spread=0.355,                            
                    mem/alloc_gb=14.700, mem/reserved_gb=50.790,                
                    mem/max_alloc_gb=40.250,                                    
                    mem/max_reserved_gb=50.790, epoch=2,                        
                    lr/DistributedMuon=9.50e-04,                                
                    lr/AdamW=9.50e-05, global_step=66626                        
[13:15:53] INFO     train/confidence_loss=0.309,                  trainer.py:799
                    train/confidence_abs_error=0.230,                           
                    train/confidence_pred_mean=0.576,                           
                    train/confidence_cumprod_bias=-0.020,                       
                    train/loss=0.868, train/ce_loss=1.234,                      
                    train/tv_loss=0.242, train/accept_rate=0.581,               
                    train/accept_len=3.154, train/full_acc=0.599,               
                    train/position_0_acc=0.789,                                 
                    train/position_1_acc=0.656,                                 
                    train/position_2_acc=0.583,                                 
                    train/position_3_acc=0.509,                                 
                    train/position_4_acc=0.458,                                 
                    train/hard_accept_len=3.219,                                
                    profile/fetch_ms=28.238,                                    
                    profile/fwd_ms=530.208,                                     
                    profile/bwd_ms=1.33e+03,                                    
                    profile/opt_ms=993.147,                                     
                    profile/step_ms=2.88e+03,                                   
                    profile/tokens_per_s=1.05e+03,                              
                    profile/fetch_frac=0.010,                                   
                    profile/grad_norm=0.513,                                    
                    profile/fetch_ms_ranks=[28.2, 18.0, 19.0,                   
                    18.7, 23.0, 18.5, 22.8, 18.6],                              
                    profile/fetch_ms_max=28.200,                                
                    profile/align_ms=1.700,                                     
                    profile/sup_tokens_ranks=[2945, 1823, 2770,                 
                    2470, 2788, 2806, 2787, 2354],                              
                    profile/sup_tokens_skew_max=1.422,                          
                    profile/sup_tokens_skew_min=0.880,                          
                    profile/sup_tokens_spread=0.433,                            
                    mem/alloc_gb=14.700, mem/reserved_gb=50.790,                
                    mem/max_alloc_gb=40.250,                                    
                    mem/max_reserved_gb=50.790, epoch=2,                        
                    lr/DistributedMuon=9.50e-04,                                
                    lr/AdamW=9.50e-05, global_step=66627                        
[13:15:56] INFO     train/confidence_loss=0.281,                  trainer.py:799
                    train/confidence_abs_error=0.214,                           
                    train/confidence_pred_mean=0.653,                           
                    train/confidence_cumprod_bias=-0.027,                       
                    train/loss=0.727, train/ce_loss=0.961,                      
                    train/tv_loss=0.194, train/accept_rate=0.663,               
                    train/accept_len=3.576, train/full_acc=0.679,               
                    train/position_0_acc=0.835,                                 
                    train/position_1_acc=0.742,                                 
                    train/position_2_acc=0.663,                                 
                    train/position_3_acc=0.601,                                 
                    train/position_4_acc=0.554,                                 
                    train/hard_accept_len=3.648,                                
                    profile/fetch_ms=28.298,                                    
                    profile/fwd_ms=547.024,                                     
                    profile/bwd_ms=1.34e+03,                                    
                    profile/opt_ms=992.017,                                     
                    profile/step_ms=2.91e+03,                                   
                    profile/tokens_per_s=1.03e+03,                              
                    profile/fetch_frac=0.010,                                   
                    profile/grad_norm=0.531,                                    
                    profile/fetch_ms_ranks=[28.3, 17.8, 19.1,                   
                    18.6, 23.1, 18.9, 22.9, 18.6],                              
                    profile/fetch_ms_max=28.300,                                
                    profile/align_ms=1.700,                                     
                    profile/sup_tokens_ranks=[2565, 2524, 2553,                 
                    2980, 2712, 2475, 2643, 2356],                              
                    profile/sup_tokens_skew_max=1.104,                          
                    profile/sup_tokens_skew_min=0.873,                          
                    profile/sup_tokens_spread=0.240,                            
                    mem/alloc_gb=14.700, mem/reserved_gb=50.790,                
                    mem/max_alloc_gb=40.250,                                    
                    mem/max_reserved_gb=50.790, epoch=2,                        
                    lr/DistributedMuon=9.50e-04,                                
                    lr/AdamW=9.50e-05, global_step=66628                        
[13:15:59] INFO     train/confidence_loss=0.316,                  trainer.py:799
                    train/confidence_abs_error=0.236,                           
                    train/confidence_pred_mean=0.594,                           
                    train/confidence_cumprod_bias=-0.019,                       
                    train/loss=0.857, train/ce_loss=1.164,                      
                    train/tv_loss=0.235, train/accept_rate=0.594,               
                    train/accept_len=3.194, train/full_acc=0.609,               
                    train/position_0_acc=0.790,                                 
                    train/position_1_acc=0.668,                                 
                    train/position_2_acc=0.583,                                 
                    train/position_3_acc=0.529,                                 
                    train/position_4_acc=0.474,                                 
                    train/hard_accept_len=3.249,                                
                    profile/fetch_ms=60.765,                                    
                    profile/fwd_ms=1.26e+03,                                    
                    profile/bwd_ms=1.33e+03,                                    
                    profile/opt_ms=1.02e+03,                                    
                    profile/step_ms=3.68e+03,                                   
                    profile/tokens_per_s=824.213,                               
                    profile/fetch_frac=0.017,                                   
                    profile/grad_norm=0.443,                                    
                    profile/fetch_ms_ranks=[60.8, 19.4, 20.0,                   
                    19.6, 24.0, 19.4, 24.3, 20.0],                              
                    profile/fetch_ms_max=60.800,                                
                    profile/align_ms=1.900,                                     
                    profile/sup_tokens_ranks=[2626, 2192, 2539,                 
                    2802, 2522, 2685, 2511, 2759],                              
                    profile/sup_tokens_skew_max=1.177,                          
                    profile/sup_tokens_skew_min=0.921,                          
                    profile/sup_tokens_spread=0.236,                            
                    mem/alloc_gb=14.700, mem/reserved_gb=50.790,                
                    mem/max_alloc_gb=40.250,                                    
                    mem/max_reserved_gb=50.790, epoch=2,                        
                    lr/DistributedMuon=9.50e-04,                                
                    lr/AdamW=9.50e-05, global_step=66629                        
[13:16:02] INFO     train/confidence_loss=0.287,                  trainer.py:799
                    train/confidence_abs_error=0.223,                           
                    train/confidence_pred_mean=0.663,                           
                    train/confidence_cumprod_bias=-0.016,                       
                    train/loss=0.734, train/ce_loss=0.957,                      
                    train/tv_loss=0.195, train/accept_rate=0.656,               
                    train/accept_len=3.560, train/full_acc=0.670,               
                    train/position_0_acc=0.843,                                 
                    train/position_1_acc=0.736,                                 
                    train/position_2_acc=0.659,                                 
                    train/position_3_acc=0.592,                                 
                    train/position_4_acc=0.516,                                 
                    train/hard_accept_len=3.628,                                
                    profile/fetch_ms=27.785,                                    
                    profile/fwd_ms=521.700,                                     
                    profile/bwd_ms=1.33e+03,                                    
                    profile/opt_ms=992.524,                                     
                    profile/step_ms=2.87e+03,                                   
                    profile/tokens_per_s=976.178,                               
                    profile/fetch_frac=0.010,                                   
                    profile/grad_norm=0.468,                                    
                    profile/fetch_ms_ranks=[27.8, 18.0, 18.9,                   
                    18.7, 22.7, 18.3, 23.0, 18.6],                              
                    profile/fetch_ms_max=27.800,                                
                    profile/align_ms=1.600,                                     
                    profile/sup_tokens_ranks=[2535, 561, 2371,                  
                    1942, 1963, 3025, 2757, 2533],                              
                    profile/sup_tokens_skew_max=3.941,                          
                    profile/sup_tokens_skew_min=0.731,                          
                    profile/sup_tokens_spread=1.115,                            
                    mem/alloc_gb=14.700, mem/reserved_gb=50.790,                
                    mem/max_alloc_gb=40.250,                                    
                    mem/max_reserved_gb=50.790, epoch=2,                        
                    lr/DistributedMuon=9.50e-04,                                
                    lr/AdamW=9.50e-05, global_step=66630                        
[13:16:06] INFO     train/confidence_loss=0.258,                  trainer.py:799
                    train/confidence_abs_error=0.205,                           
                    train/confidence_pred_mean=0.711,                           
                    train/confidence_cumprod_bias=-0.019,                       
                    train/loss=0.626, train/ce_loss=0.777,                      
                    train/tv_loss=0.162, train/accept_rate=0.712,               
                    train/accept_len=3.894, train/full_acc=0.727,               
                    train/position_0_acc=0.878,                                 
                    train/position_1_acc=0.790,                                 
                    train/position_2_acc=0.714,                                 
                    train/position_3_acc=0.652,                                 
                    train/position_4_acc=0.599,                                 
                    train/hard_accept_len=3.978,                                
                    profile/fetch_ms=29.701,                                    
                    profile/fwd_ms=836.862,                                     
                    profile/bwd_ms=1.65e+03,                                    
                    profile/opt_ms=991.287,                                     
                    profile/step_ms=3.51e+03,                                   
                    profile/tokens_per_s=768.497,                               
                    profile/fetch_frac=0.008,                                   
                    profile/grad_norm=0.377,                                    
                    profile/fetch_ms_ranks=[29.7, 18.8, 20.0,                   
                    19.9, 23.2, 19.8, 24.2, 19.0],                              
                    profile/fetch_ms_max=29.700,                                
                    profile/align_ms=1.800,                                     
                    profile/sup_tokens_ranks=[2310, 2635, 1254,                 
                    2619, 2301, 2098, 2889, 2761],                              
                    profile/sup_tokens_skew_max=1.881,                          
                    profile/sup_tokens_skew_min=0.816,                          
                    profile/sup_tokens_spread=0.693,                            
                    mem/alloc_gb=14.700, mem/reserved_gb=50.790,                
                    mem/max_alloc_gb=40.250,                                    
                    mem/max_reserved_gb=50.790, epoch=2,                        
                    lr/DistributedMuon=9.50e-04,                                
                    lr/AdamW=9.50e-05, global_step=66631                        
[13:16:08] INFO     train/confidence_loss=0.279,                  trainer.py:799
                    train/confidence_abs_error=0.215,                           
                    train/confidence_pred_mean=0.653,                           
                    train/confidence_cumprod_bias=-0.013,                       
                    train/loss=0.744, train/ce_loss=1.031,                      
                    train/tv_loss=0.201, train/accept_rate=0.647,               
                    train/accept_len=3.560, train/full_acc=0.664,               
                    train/position_0_acc=0.826,                                 
                    train/position_1_acc=0.731,                                 
                    train/position_2_acc=0.653,                                 
                    train/position_3_acc=0.575,                                 
                    train/position_4_acc=0.534,                                 
                    train/hard_accept_len=3.617,                                
                    profile/fetch_ms=28.454,                                    
                    profile/fwd_ms=521.819,                                     
                    profile/bwd_ms=1.32e+03,                                    
                    profile/opt_ms=990.980,                                     
                    profile/step_ms=2.87e+03,                                   
                    profile/tokens_per_s=1.07e+03,                              
                    profile/fetch_frac=0.010,                                   
                    profile/grad_norm=0.426,                                    
                    profile/fetch_ms_ranks=[28.5, 18.3, 18.8,                   
                    18.6, 21.7, 18.4, 21.8, 18.8],                              
                    profile/fetch_ms_max=28.500,                                
                    profile/align_ms=1.800,                                     
                    profile/sup_tokens_ranks=[2804, 2719, 2819,                 
                    2613, 1857, 2435, 2637, 3044],                              
                    profile/sup_tokens_skew_max=1.409,                          
                    profile/sup_tokens_skew_min=0.859,                          
                    profile/sup_tokens_spread=0.454,                            
                    mem/alloc_gb=14.700, mem/reserved_gb=50.790,                
                    mem/max_alloc_gb=40.250,                                    
                    mem/max_reserved_gb=50.790, epoch=2,                        
                    lr/DistributedMuon=9.50e-04,                                
                    lr/AdamW=9.50e-05, global_step=66632                        
[13:16:11] INFO     train/confidence_loss=0.293,                  trainer.py:799
                    train/confidence_abs_error=0.217,                           
                    train/confidence_pred_mean=0.650,                           
                    train/confidence_cumprod_bias=4.07e-04,                     
                    train/loss=0.778, train/ce_loss=1.031,                      
                    train/tv_loss=0.212, train/accept_rate=0.633,               
                    train/accept_len=3.416, train/full_acc=0.649,               
                    train/position_0_acc=0.819,                                 
                    train/position_1_acc=0.706,                                 
                    train/position_2_acc=0.629,                                 
                    train/position_3_acc=0.567,                                 
                    train/position_4_acc=0.523,                                 
                    train/hard_accept_len=3.486,                                
                    profile/fetch_ms=29.803,                                    
                    profile/fwd_ms=526.392,                                     
                    profile/bwd_ms=1.32e+03,                                    
                    profile/opt_ms=991.520,                                     
                    profile/step_ms=2.87e+03,                                   
                    profile/tokens_per_s=1.07e+03,                              
                    profile/fetch_frac=0.010,                                   
                    profile/grad_norm=0.620,                                    
                    profile/fetch_ms_ranks=[29.8, 18.0, 19.4,                   
                    18.9, 23.5, 18.8, 23.5, 18.7],                              
                    profile/fetch_ms_max=29.800,                                
                    profile/align_ms=1.800,                                     
                    profile/sup_tokens_ranks=[3039, 2382, 2642,                 
                    2678, 1913, 2615, 2631, 2125],                              
                    profile/sup_tokens_skew_max=1.308,                          
                    profile/sup_tokens_skew_min=0.824,                          
                    profile/sup_tokens_spread=0.450,                            
                    mem/alloc_gb=14.700, mem/reserved_gb=50.790,                
                    mem/max_alloc_gb=40.250,                                    
                    mem/max_reserved_gb=50.790, epoch=2,                        
                    lr/DistributedMuon=9.50e-04,                                
                    lr/AdamW=9.50e-05, global_step=66633                        
[13:16:14] INFO     train/confidence_loss=0.303,                  trainer.py:799
                    train/confidence_abs_error=0.223,                           
                    train/confidence_pred_mean=0.629,                           
                    train/confidence_cumprod_bias=0.003,                        
                    train/loss=0.826, train/ce_loss=1.148,                      
                    train/tv_loss=0.226, train/accept_rate=0.612,               
                    train/accept_len=3.270, train/full_acc=0.627,               
                    train/position_0_acc=0.791,                                 
                    train/position_1_acc=0.675,                                 
                    train/position_2_acc=0.610,                                 
                    train/position_3_acc=0.549,                                 
                    train/position_4_acc=0.509,                                 
                    train/hard_accept_len=3.323,                                
                    profile/fetch_ms=28.439,                                    
                    profile/fwd_ms=526.475,                                     
                    profile/bwd_ms=1.33e+03,                                    
                    profile/opt_ms=991.203,                                     
                    profile/step_ms=2.88e+03,                                   
                    profile/tokens_per_s=1.02e+03,                              
                    profile/fetch_frac=0.010,                                   
                    profile/grad_norm=0.680,                                    
                    profile/fetch_ms_ranks=[28.4, 18.3, 18.7,                   
                    18.4, 19.9, 18.8, 19.7, 18.6],                              
                    profile/fetch_ms_max=28.400,                                
                    profile/align_ms=1.700,                                     
                    profile/sup_tokens_ranks=[2500, 2524, 2621,                 
                    2381, 2204, 2744, 1370, 2539],                              
                    profile/sup_tokens_skew_max=1.723,                          
                    profile/sup_tokens_skew_min=0.860,                          
                    profile/sup_tokens_spread=0.582,                            
                    mem/alloc_gb=14.700, mem/reserved_gb=50.790,                
                    mem/max_alloc_gb=40.250,                                    
                    mem/max_reserved_gb=50.790, epoch=2,                        
                    lr/DistributedMuon=9.50e-04,                                
                    lr/AdamW=9.50e-05, global_step=66634                        
[13:16:17] INFO     train/confidence_loss=0.328,                  trainer.py:799
                    train/confidence_abs_error=0.234,                           
                    train/confidence_pred_mean=0.563,                           
                    train/confidence_cumprod_bias=-0.013,                       
                    train/loss=0.918, train/ce_loss=1.297,                      
                    train/tv_loss=0.255, train/accept_rate=0.565,               
                    train/accept_len=2.970, train/full_acc=0.581,               
                    train/position_0_acc=0.752,                                 
                    train/position_1_acc=0.643,                                 
                    train/position_2_acc=0.558,                                 
                    train/position_3_acc=0.502,                                 
                    train/position_4_acc=0.451,                                 
                    train/hard_accept_len=3.030,                                
                    profile/fetch_ms=28.299,                                    
                    profile/fwd_ms=596.245,                                     
                    profile/bwd_ms=1.34e+03,                                    
                    profile/opt_ms=991.806,                                     
                    profile/step_ms=2.95e+03,                                   
                    profile/tokens_per_s=993.129,                               
                    profile/fetch_frac=0.010,                                   
                    profile/grad_norm=0.459,                                    
                    profile/fetch_ms_ranks=[28.3, 17.4, 17.8,                   
                    18.2, 22.2, 18.0, 22.2, 18.5],                              
                    profile/fetch_ms_max=28.300,                                
                    profile/align_ms=1.700,                                     
                    profile/sup_tokens_ranks=[1817, 2578, 2988,                 
                    2633, 2143, 2018, 2653, 2617],                              
                    profile/sup_tokens_skew_max=1.338,                          
                    profile/sup_tokens_skew_min=0.814,                          
                    profile/sup_tokens_spread=0.482,                            
                    mem/alloc_gb=14.700, mem/reserved_gb=50.790,                
                    mem/max_alloc_gb=40.250,                                    
                    mem/max_reserved_gb=50.790, epoch=2,                        
                    lr/DistributedMuon=9.50e-04,                                
                    lr/AdamW=9.50e-05, global_step=66635                        
[13:16:20] INFO     train/confidence_loss=0.309,                  trainer.py:799
                    train/confidence_abs_error=0.231,                           
                    train/confidence_pred_mean=0.588,                           
                    train/confidence_cumprod_bias=-0.013,                       
                    train/loss=0.866, train/ce_loss=1.234,                      
                    train/tv_loss=0.241, train/accept_rate=0.584,               
                    train/accept_len=3.155, train/full_acc=0.599,               
                    train/position_0_acc=0.785,                                 
                    train/position_1_acc=0.662,                                 
                    train/position_2_acc=0.575,                                 
                    train/position_3_acc=0.513,                                 
                    train/position_4_acc=0.459,                                 
                    train/hard_accept_len=3.216,                                
                    profile/fetch_ms=29.901,                                    
                    profile/fwd_ms=521.347,                                     
                    profile/bwd_ms=1.32e+03,                                    
                    profile/opt_ms=993.625,                                     
                    profile/step_ms=2.86e+03,                                   
                    profile/tokens_per_s=987.182,                               
                    profile/fetch_frac=0.010,                                   
                    profile/grad_norm=0.419,                                    
                    profile/fetch_ms_ranks=[29.9, 18.7, 19.7,                   
                    19.4, 23.7, 18.9, 23.8, 19.7],                              
                    profile/fetch_ms_max=29.900,                                
                    profile/align_ms=2.000,                                     
                    profile/sup_tokens_ranks=[1919, 1875, 1976,                 
                    2992, 2720, 2760, 2630, 1655],                              
                    profile/sup_tokens_skew_max=1.399,                          
                    profile/sup_tokens_skew_min=0.774,                          
                    profile/sup_tokens_spread=0.577,                            
                    mem/alloc_gb=14.700, mem/reserved_gb=50.790,                
                    mem/max_alloc_gb=40.250,                                    
                    mem/max_reserved_gb=50.790, epoch=2,                        
                    lr/DistributedMuon=9.50e-04,                                
                    lr/AdamW=9.50e-05, global_step=66636                        
[13:16:23] INFO     train/confidence_loss=0.305,                  trainer.py:799
                    train/confidence_abs_error=0.229,                           
                    train/confidence_pred_mean=0.596,                           
                    train/confidence_cumprod_bias=-0.019,                       
                    train/loss=0.839, train/ce_loss=1.164,                      
                    train/tv_loss=0.232, train/accept_rate=0.599,               
                    train/accept_len=3.230, train/full_acc=0.615,               
                    train/position_0_acc=0.792,                                 
                    train/position_1_acc=0.689,                                 
                    train/position_2_acc=0.587,                                 
                    train/position_3_acc=0.527,                                 
                    train/position_4_acc=0.476,                                 
                    train/hard_accept_len=3.299,                                
                    profile/fetch_ms=27.716,                                    
                    profile/fwd_ms=532.998,                                     
                    profile/bwd_ms=1.34e+03,                                    
                    profile/opt_ms=993.184,                                     
                    profile/step_ms=2.89e+03,                                   
                    profile/tokens_per_s=1.01e+03,                              
                    profile/fetch_frac=0.010,                                   
                    profile/grad_norm=0.457,                                    
                    profile/fetch_ms_ranks=[27.7, 17.3, 18.4,                   
                    18.4, 21.3, 17.9, 20.8, 17.9],                              
                    profile/fetch_ms_max=27.700,                                
                    profile/align_ms=1.700,                                     
                    profile/sup_tokens_ranks=[2309, 2639, 1122,                 
                    2525, 2718, 2597, 2496, 1639],                              
                    profile/sup_tokens_skew_max=2.010,                          
                    profile/sup_tokens_skew_min=0.830,                          
                    profile/sup_tokens_spread=0.708,                            
                    mem/alloc_gb=14.700, mem/reserved_gb=50.790,                
                    mem/max_alloc_gb=40.250,                                    
                    mem/max_reserved_gb=50.790, epoch=2,                        
                    lr/DistributedMuon=9.50e-04,                                
                    lr/AdamW=9.50e-05, global_step=66637                        
[13:16:26] INFO     train/confidence_loss=0.277,                  trainer.py:799
                    train/confidence_abs_error=0.218,                           
                    train/confidence_pred_mean=0.665,                           
                    train/confidence_cumprod_bias=-0.020,                       
                    train/loss=0.711, train/ce_loss=0.926,                      
                    train/tv_loss=0.189, train/accept_rate=0.667,               
                    train/accept_len=3.643, train/full_acc=0.684,               
                    train/position_0_acc=0.848,                                 
                    train/position_1_acc=0.752,                                 
                    train/position_2_acc=0.672,                                 
                    train/position_3_acc=0.601,                                 
                    train/position_4_acc=0.548,                                 
                    train/hard_accept_len=3.728,                                
                    profile/fetch_ms=32.734,                                    
                    profile/fwd_ms=575.715,                                     
                    profile/bwd_ms=1.32e+03,                                    
                    profile/opt_ms=991.840,                                     
                    profile/step_ms=2.92e+03,                                   
                    profile/tokens_per_s=1.04e+03,                              
                    profile/fetch_frac=0.011,                                   
                    profile/grad_norm=0.442,                                    
                    profile/fetch_ms_ranks=[32.7, 19.2, 20.1,                   
                    20.5, 24.6, 20.8, 24.7, 20.6],                              
                    profile/fetch_ms_max=32.700,                                
                    profile/align_ms=1.900,                                     
                    profile/sup_tokens_ranks=[2576, 2799, 2863,                 
                    2307, 2862, 2871, 3047, 3008],                              
                    profile/sup_tokens_skew_max=1.210,                          
                    profile/sup_tokens_skew_min=0.916,                          
                    profile/sup_tokens_spread=0.265,                            
                    mem/alloc_gb=14.700, mem/reserved_gb=50.790,                
                    mem/max_alloc_gb=40.250,                                    
                    mem/max_reserved_gb=50.790, epoch=2,                        
                    lr/DistributedMuon=9.50e-04,                                
                    lr/AdamW=9.50e-05, global_step=66638                        
[13:16:29] INFO     train/confidence_loss=0.258,                  trainer.py:799
                    train/confidence_abs_error=0.199,                           
                    train/confidence_pred_mean=0.699,                           
                    train/confidence_cumprod_bias=-0.025,                       
                    train/loss=0.633, train/ce_loss=0.762,                      
                    train/tv_loss=0.166, train/accept_rate=0.707,               
                    train/accept_len=3.864, train/full_acc=0.718,               
                    train/position_0_acc=0.862,                                 
                    train/position_1_acc=0.777,                                 
                    train/position_2_acc=0.706,                                 
                    train/position_3_acc=0.649,                                 
                    train/position_4_acc=0.596,                                 
                    train/hard_accept_len=3.911,                                
                    profile/fetch_ms=29.639,                                    
                    profile/fwd_ms=514.589,                                     
                    profile/bwd_ms=1.30e+03,                                    
                    profile/opt_ms=994.579,                                     
                    profile/step_ms=2.84e+03,                                   
                    profile/tokens_per_s=1.03e+03,                              
                    profile/fetch_frac=0.010,                                   
                    profile/grad_norm=0.504,                                    
                    profile/fetch_ms_ranks=[29.6, 18.0, 18.8,                   
                    19.2, 19.7, 18.7, 20.5, 20.1],                              
                    profile/fetch_ms_max=29.600,                                
                    profile/align_ms=1.900,                                     
                    profile/sup_tokens_ranks=[1982, 1965, 2565,                 
                    2115, 2208, 2393, 2970, 2633],                              
                    profile/sup_tokens_skew_max=1.198,                          
                    profile/sup_tokens_skew_min=0.793,                          
                    profile/sup_tokens_spread=0.427,                            
                    mem/alloc_gb=14.700, mem/reserved_gb=50.790,                
                    mem/max_alloc_gb=40.250,                                    
                    mem/max_reserved_gb=50.790, epoch=2,                        
                    lr/DistributedMuon=9.50e-04,                                
                    lr/AdamW=9.50e-05, global_step=66639                        
[13:16:32] INFO     train/confidence_loss=0.266,                  trainer.py:799
                    train/confidence_abs_error=0.202,                           
                    train/confidence_pred_mean=0.676,                           
                    train/confidence_cumprod_bias=-0.022,                       
                    train/loss=0.680, train/ce_loss=0.883,                      
                    train/tv_loss=0.182, train/accept_rate=0.682,               
                    train/accept_len=3.718, train/full_acc=0.698,               
                    train/position_0_acc=0.851,                                 
                    train/position_1_acc=0.750,                                 
                    train/position_2_acc=0.681,                                 
                    train/position_3_acc=0.633,                                 
                    train/position_4_acc=0.571,                                 
                    train/hard_accept_len=3.791,                                
                    profile/fetch_ms=27.720,                                    
                    profile/fwd_ms=547.125,                                     
                    profile/bwd_ms=1.32e+03,                                    
                    profile/opt_ms=993.989,                                     
                    profile/step_ms=2.89e+03,                                   
                    profile/tokens_per_s=1.03e+03,                              
                    profile/fetch_frac=0.010,                                   
                    profile/grad_norm=0.437,                                    
                    profile/fetch_ms_ranks=[27.7, 18.3, 19.3,                   
                    19.0, 22.2, 18.5, 23.0, 19.3],                              
                    profile/fetch_ms_max=27.700,                                
                    profile/align_ms=1.700,                                     
                    profile/sup_tokens_ranks=[2000, 2843, 2406,                 
                    2250, 1979, 2382, 2662, 2710],                              
                    profile/sup_tokens_skew_max=1.215,                          
                    profile/sup_tokens_skew_min=0.846,                          
                    profile/sup_tokens_spread=0.359,                            
                    mem/alloc_gb=14.700, mem/reserved_gb=50.790,                
                    mem/max_alloc_gb=40.250,                                    
                    mem/max_reserved_gb=50.790, epoch=2,                        
                    lr/DistributedMuon=9.50e-04,                                
                    lr/AdamW=9.50e-05, global_step=66640                        
[13:16:34] INFO     train/confidence_loss=0.281,                  trainer.py:799
                    train/confidence_abs_error=0.217,                           
                    train/confidence_pred_mean=0.668,                           
                    train/confidence_cumprod_bias=-0.012,                       
                    train/loss=0.721, train/ce_loss=0.949,                      
                    train/tv_loss=0.191, train/accept_rate=0.665,               
                    train/accept_len=3.617, train/full_acc=0.676,               
                    train/position_0_acc=0.832,                                 
                    train/position_1_acc=0.738,                                 
                    train/position_2_acc=0.670,                                 
                    train/position_3_acc=0.599,                                 
                    train/position_4_acc=0.541,                                 
                    train/hard_accept_len=3.661,                                
                    profile/fetch_ms=27.395,                                    
                    profile/fwd_ms=554.023,                                     
                    profile/bwd_ms=1.34e+03,                                    
                    profile/opt_ms=991.767,                                     
                    profile/step_ms=2.91e+03,                                   
                    profile/tokens_per_s=1.05e+03,                              
                    profile/fetch_frac=0.009,                                   
                    profile/grad_norm=0.426,                                    
                    profile/fetch_ms_ranks=[27.4, 17.5, 18.2,                   
                    18.5, 21.6, 18.1, 22.1, 18.7],                              
                    profile/fetch_ms_max=27.400,                                
                    profile/align_ms=1.700,                                     
                    profile/sup_tokens_ranks=[2972, 2745, 2739,                 
                    1855, 2850, 2810, 2308, 2485],                              
                    profile/sup_tokens_skew_max=1.399,                          
                    profile/sup_tokens_skew_min=0.873,                          
                    profile/sup_tokens_spread=0.430,                            
                    mem/alloc_gb=14.700, mem/reserved_gb=50.790,                
                    mem/max_alloc_gb=40.250,                                    
                    mem/max_reserved_gb=50.790, epoch=2,                        
                    lr/DistributedMuon=9.50e-04,                                
                    lr/AdamW=9.50e-05, global_step=66641                        
[13:16:37] INFO     train/confidence_loss=0.227,                  trainer.py:799
                    train/confidence_abs_error=0.178,                           
                    train/confidence_pred_mean=0.758,                           
                    train/confidence_cumprod_bias=-0.015,                       
                    train/loss=0.540, train/ce_loss=0.652,                      
                    train/tv_loss=0.138, train/accept_rate=0.755,               
                    train/accept_len=4.191, train/full_acc=0.766,               
                    train/position_0_acc=0.887,                                 
                    train/position_1_acc=0.819,                                 
                    train/position_2_acc=0.767,                                 
                    train/position_3_acc=0.703,                                 
                    train/position_4_acc=0.654,                                 
                    train/hard_accept_len=4.250,                                
                    profile/fetch_ms=30.003,                                    
                    profile/fwd_ms=566.324,                                     
                    profile/bwd_ms=1.32e+03,                                    
                    profile/opt_ms=992.077,                                     
                    profile/step_ms=2.90e+03,                                   
                    profile/tokens_per_s=997.749,                               
                    profile/fetch_frac=0.010,                                   
                    profile/grad_norm=0.350,                                    
                    profile/fetch_ms_ranks=[30.0, 19.0, 20.7,                   
                    19.7, 21.1, 19.7, 21.0, 19.9],                              
                    profile/fetch_ms_max=30.000,                                
                    profile/align_ms=2.300,                                     
                    profile/sup_tokens_ranks=[2522, 2707, 2613,                 
                    2610, 2456, 2148, 2029, 2059],                              
                    profile/sup_tokens_skew_max=1.179,                          
                    profile/sup_tokens_skew_min=0.884,                          
                    profile/sup_tokens_spread=0.283,                            
                    mem/alloc_gb=14.700, mem/reserved_gb=50.790,                
                    mem/max_alloc_gb=40.250,                                    
                    mem/max_reserved_gb=50.790, epoch=2,                        
                    lr/DistributedMuon=9.50e-04,                                
                    lr/AdamW=9.50e-05, global_step=66642                        
[13:16:40] INFO     train/confidence_loss=0.277,                  trainer.py:799
                    train/confidence_abs_error=0.212,                           
                    train/confidence_pred_mean=0.661,                           
                    train/confidence_cumprod_bias=-0.017,                       
                    train/loss=0.726, train/ce_loss=0.980,                      
                    train/tv_loss=0.196, train/accept_rate=0.660,               
                    train/accept_len=3.592, train/full_acc=0.677,               
                    train/position_0_acc=0.835,                                 
                    train/position_1_acc=0.733,                                 
                    train/position_2_acc=0.678,                                 
                    train/position_3_acc=0.594,                                 
                    train/position_4_acc=0.541,                                 
                    train/hard_accept_len=3.695,                                
                    profile/fetch_ms=27.833,                                    
                    profile/fwd_ms=515.614,                                     
                    profile/bwd_ms=1.30e+03,                                    
                    profile/opt_ms=991.945,                                     
                    profile/step_ms=2.84e+03,                                   
                    profile/tokens_per_s=1.06e+03,                              
                    profile/fetch_frac=0.010,                                   
                    profile/grad_norm=0.420,                                    
                    profile/fetch_ms_ranks=[27.8, 17.4, 18.3,                   
                    18.3, 22.1, 18.1, 22.1, 18.1],                              
                    profile/fetch_ms_max=27.800,                                
                    profile/align_ms=1.700,                                     
                    profile/sup_tokens_ranks=[2678, 2489, 3025,                 
                    2705, 2578, 2500, 2791, 2696],                              
                    profile/sup_tokens_skew_max=1.078,                          
                    profile/sup_tokens_skew_min=0.887,                          
                    profile/sup_tokens_spread=0.200,                            
                    mem/alloc_gb=14.700, mem/reserved_gb=50.790,                
                    mem/max_alloc_gb=40.250,                                    
                    mem/max_reserved_gb=50.790, epoch=2,                        
                    lr/DistributedMuon=9.50e-04,                                
                    lr/AdamW=9.50e-05, global_step=66643                        
[13:16:43] INFO     train/confidence_loss=0.293,                  trainer.py:799
                    train/confidence_abs_error=0.219,                           
                    train/confidence_pred_mean=0.646,                           
                    train/confidence_cumprod_bias=-0.005,                       
                    train/loss=0.776, train/ce_loss=1.055,                      
                    train/tv_loss=0.209, train/accept_rate=0.638,               
                    train/accept_len=3.432, train/full_acc=0.652,               
                    train/position_0_acc=0.813,                                 
                    train/position_1_acc=0.710,                                 
                    train/position_2_acc=0.639,                                 
                    train/position_3_acc=0.567,                                 
                    train/position_4_acc=0.529,                                 
                    train/hard_accept_len=3.490,                                
                    profile/fetch_ms=27.318,                                    
                    profile/fwd_ms=541.847,                                     
                    profile/bwd_ms=1.38e+03,                                    
                    profile/opt_ms=992.370,                                     
                    profile/step_ms=2.94e+03,                                   
                    profile/tokens_per_s=973.694,                               
                    profile/fetch_frac=0.009,                                   
                    profile/grad_norm=0.529,                                    
                    profile/fetch_ms_ranks=[27.3, 17.5, 18.5,                   
                    18.6, 21.3, 18.1, 21.4, 18.5],                              
                    profile/fetch_ms_max=27.300,                                
                    profile/align_ms=1.700,                                     
                    profile/sup_tokens_ranks=[2394, 2645, 2541,                 
                    2530, 1426, 2457, 2703, 2602],                              
                    profile/sup_tokens_skew_max=1.692,                          
                    profile/sup_tokens_skew_min=0.892,                          
                    profile/sup_tokens_spread=0.529,                            
                    mem/alloc_gb=14.700, mem/reserved_gb=50.790,                
                    mem/max_alloc_gb=40.250,                                    
                    mem/max_reserved_gb=50.790, epoch=2,                        
                    lr/DistributedMuon=9.50e-04,                                
                    lr/AdamW=9.50e-05, global_step=66644                        
/home/<USER_B>/dspark_austin/speculators/src/speculators/train/data.py:498: UserWarning: Failed to load/cache hidden states for sample 52721: Connection error.
  warnings.warn(
[13:16:46] INFO     train/confidence_loss=0.266,                  trainer.py:799
                    train/confidence_abs_error=0.203,                           
                    train/confidence_pred_mean=0.722,                           
                    train/confidence_cumprod_bias=-0.011,                       
                    train/loss=0.629, train/ce_loss=0.750,                      
                    train/tv_loss=0.161, train/accept_rate=0.715,               
                    train/accept_len=3.905, train/full_acc=0.730,               
                    train/position_0_acc=0.871,                                 
                    train/position_1_acc=0.780,                                 
                    train/position_2_acc=0.721,                                 
                    train/position_3_acc=0.666,                                 
                    train/position_4_acc=0.613,                                 
                    train/hard_accept_len=3.986,                                
                    profile/fetch_ms=28.835,                                    
                    profile/fwd_ms=544.011,                                     
                    profile/bwd_ms=1.30e+03,                                    
                    profile/opt_ms=992.376,                                     
                    profile/step_ms=2.86e+03,                                   
                    profile/tokens_per_s=983.204,                               
                    profile/fetch_frac=0.010,                                   
                    profile/grad_norm=0.483,                                    
                    profile/fetch_ms_ranks=[28.8, 18.2, 19.0,                   
                    19.0, 23.2, 20.9, 23.1, 23.1],                              
                    profile/fetch_ms_max=28.800,                                
                    profile/align_ms=1.700,                                     
                    profile/sup_tokens_ranks=[2480, 2531, 2591,                 
                    1749, 3057, 2521, 2431, 2399],                              
                    profile/sup_tokens_skew_max=1.412,                          
                    profile/sup_tokens_skew_min=0.808,                          
                    profile/sup_tokens_spread=0.530,                            
                    mem/alloc_gb=14.700, mem/reserved_gb=50.790,                
                    mem/max_alloc_gb=40.250,                                    
                    mem/max_reserved_gb=50.790, epoch=2,                        
                    lr/DistributedMuon=9.50e-04,                                
                    lr/AdamW=9.50e-05, global_step=66645                        
[13:16:49] INFO     train/confidence_loss=0.314,                  trainer.py:799
                    train/confidence_abs_error=0.234,                           
                    train/confidence_pred_mean=0.599,                           
                    train/confidence_cumprod_bias=-0.010,                       
                    train/loss=0.860, train/ce_loss=1.164,                      
                    train/tv_loss=0.237, train/accept_rate=0.592,               
                    train/accept_len=3.124, train/full_acc=0.609,               
                    train/position_0_acc=0.783,                                 
                    train/position_1_acc=0.668,                                 
                    train/position_2_acc=0.589,                                 
                    train/position_3_acc=0.536,                                 
                    train/position_4_acc=0.467,                                 
                    train/hard_accept_len=3.180,                                
                    profile/fetch_ms=28.607,                                    
                    profile/fwd_ms=529.434,                                     
                    profile/bwd_ms=1.33e+03,                                    
                    profile/opt_ms=991.375,                                     
                    profile/step_ms=2.88e+03,                                   
                    profile/tokens_per_s=1.04e+03,                              
                    profile/fetch_frac=0.010,                                   
                    profile/grad_norm=0.449,                                    
                    profile/fetch_ms_ranks=[28.6, 18.1, 19.2,                   
                    18.4, 23.1, 21.1, 22.8, 21.0],                              
                    profile/fetch_ms_max=28.600,                                
                    profile/align_ms=1.700,                                     
                    profile/sup_tokens_ranks=[2666, 2600, 2655,                 
                    2126, 2660, 2795, 2779, 2803],                              
                    profile/sup_tokens_skew_max=1.240,                          
                    profile/sup_tokens_skew_min=0.940,                          
                    profile/sup_tokens_spread=0.257,                            
                    mem/alloc_gb=14.700, mem/reserved_gb=50.790,                
                    mem/max_alloc_gb=40.250,                                    
                    mem/max_reserved_gb=50.790, epoch=2,                        
                    lr/DistributedMuon=9.50e-04,                                
                    lr/AdamW=9.50e-05, global_step=66646                        
[13:16:54] INFO     train/confidence_loss=0.271,                  trainer.py:799
                    train/confidence_abs_error=0.207,                           
                    train/confidence_pred_mean=0.668,                           
                    train/confidence_cumprod_bias=-0.020,                       
                    train/loss=0.694, train/ce_loss=0.910,                      
                    train/tv_loss=0.185, train/accept_rate=0.675,               
                    train/accept_len=3.687, train/full_acc=0.693,               
                    train/position_0_acc=0.847,                                 
                    train/position_1_acc=0.756,                                 
                    train/position_2_acc=0.676,                                 
                    train/position_3_acc=0.615,                                 
                    train/position_4_acc=0.566,                                 
                    train/hard_accept_len=3.763,                                
                    profile/fetch_ms=29.579,                                    
                    profile/fwd_ms=3.03e+03,                                    
                    profile/bwd_ms=1.30e+03,                                    
                    profile/opt_ms=993.149,                                     
                    profile/step_ms=5.35e+03,                                   
                    profile/tokens_per_s=560.592,                               
                    profile/fetch_frac=0.006,                                   
                    profile/grad_norm=0.432,                                    
                    profile/fetch_ms_ranks=[29.6, 20.5, 19.4,                   
                    19.8, 22.0, 2499.8, 23.2, 18.8],                            
                    profile/fetch_ms_max=2.50e+03,                              
                    profile/align_ms=1.900,                                     
                    profile/sup_tokens_ranks=[2474, 737, 2682,                  
                    2573, 1338, 2594, 2982, 2748],                              
                    profile/sup_tokens_skew_max=3.075,                          
                    profile/sup_tokens_skew_min=0.760,                          
                    profile/sup_tokens_spread=0.991,                            
                    mem/alloc_gb=14.700, mem/reserved_gb=50.790,                
                    mem/max_alloc_gb=40.250,                                    
                    mem/max_reserved_gb=50.790, epoch=2,                        
                    lr/DistributedMuon=9.50e-04,                                
                    lr/AdamW=9.50e-05, global_step=66647                        
[13:16:57] INFO     train/confidence_loss=0.236,                  trainer.py:799
                    train/confidence_abs_error=0.205,                           
                    train/confidence_pred_mean=0.691,                           
                    train/confidence_cumprod_bias=-0.015,                       
                    train/loss=0.585, train/ce_loss=0.727,                      
                    train/tv_loss=0.154, train/accept_rate=0.691,               
                    train/accept_len=3.764, train/full_acc=0.709,               
                    train/position_0_acc=0.847,                                 
                    train/position_1_acc=0.778,                                 
                    train/position_2_acc=0.697,                                 
                    train/position_3_acc=0.635,                                 
                    train/position_4_acc=0.586,                                 
                    train/hard_accept_len=3.844,                                
                    profile/fetch_ms=30.211,                                    
                    profile/fwd_ms=512.484,                                     
                    profile/bwd_ms=1.30e+03,                                    
                    profile/opt_ms=991.858,                                     
                    profile/step_ms=2.83e+03,                                   
                    profile/tokens_per_s=1.06e+03,                              
                    profile/fetch_frac=0.011,                                   
                    profile/grad_norm=0.370,                                    
                    profile/fetch_ms_ranks=[30.2, 18.0, 19.3,                   
                    19.0, 23.2, 19.3, 23.2, 19.3],                              
                    profile/fetch_ms_max=30.200,                                
                    profile/align_ms=1.700,                                     
                    profile/sup_tokens_ranks=[2809, 2823, 2088,                 
                    2234, 2601, 2714, 2720, 0],                                 
                    profile/sup_tokens_skew_max=1.077,                          
                    profile/sup_tokens_skew_min=0.796,                          
                    profile/sup_tokens_zero_ranks=1,                            
                    profile/sup_tokens_spread=1.255,                            
                    mem/alloc_gb=14.700, mem/reserved_gb=50.790,                
                    mem/max_alloc_gb=40.250,                                    
                    mem/max_reserved_gb=50.790, epoch=2,                        
                    lr/DistributedMuon=9.50e-04,                                
                    lr/AdamW=9.50e-05, global_step=66648                        
[13:17:00] INFO     train/confidence_loss=0.256,                  trainer.py:799
                    train/confidence_abs_error=0.204,                           
                    train/confidence_pred_mean=0.697,                           
                    train/confidence_cumprod_bias=-0.009,                       
                    train/loss=0.658, train/ce_loss=0.879,                      
                    train/tv_loss=0.175, train/accept_rate=0.693,               
                    train/accept_len=3.806, train/full_acc=0.705,               
                    train/position_0_acc=0.861,                                 
                    train/position_1_acc=0.766,                                 
                    train/position_2_acc=0.688,                                 
                    train/position_3_acc=0.632,                                 
                    train/position_4_acc=0.579,                                 
                    train/hard_accept_len=3.867,                                
                    profile/fetch_ms=29.635,                                    
                    profile/fwd_ms=563.026,                                     
                    profile/bwd_ms=1.32e+03,                                    
                    profile/opt_ms=991.551,                                     
                    profile/step_ms=2.90e+03,                                   
                    profile/tokens_per_s=1.06e+03,                              
                    profile/fetch_frac=0.010,                                   
                    profile/grad_norm=0.417,                                    
                    profile/fetch_ms_ranks=[29.6, 18.5, 18.4,                   
                    18.7, 22.6, 18.3, 22.5, 18.5],                              
                    profile/fetch_ms_max=29.600,                                
                    profile/align_ms=1.800,                                     
                    profile/sup_tokens_ranks=[2983, 3050, 2337,                 
                    2657, 2429, 2316, 2849, 2509],                              
                    profile/sup_tokens_skew_max=1.140,                          
                    profile/sup_tokens_skew_min=0.866,                          
                    profile/sup_tokens_spread=0.278,                            
                    mem/alloc_gb=14.700, mem/reserved_gb=50.790,                
                    mem/max_alloc_gb=40.250,                                    
                    mem/max_reserved_gb=50.790, epoch=2,                        
                    lr/DistributedMuon=9.50e-04,                                
                    lr/AdamW=9.50e-05, global_step=66649                        
[13:17:03] INFO     train/confidence_loss=0.289,                  trainer.py:799
                    train/confidence_abs_error=0.217,                           
                    train/confidence_pred_mean=0.649,                           
                    train/confidence_cumprod_bias=-0.020,                       
                    train/loss=0.745, train/ce_loss=0.977,                      
                    train/tv_loss=0.199, train/accept_rate=0.654,               
                    train/accept_len=3.530, train/full_acc=0.671,               
                    train/position_0_acc=0.826,                                 
                    train/position_1_acc=0.729,                                 
                    train/position_2_acc=0.655,                                 
                    train/position_3_acc=0.602,                                 
                    train/position_4_acc=0.543,                                 
                    train/hard_accept_len=3.611,                                
                    profile/fetch_ms=28.557,                                    
                    profile/fwd_ms=539.867,                                     
                    profile/bwd_ms=1.31e+03,                                    
                    profile/opt_ms=993.497,                                     
                    profile/step_ms=2.87e+03,                                   
                    profile/tokens_per_s=1.02e+03,                              
                    profile/fetch_frac=0.010,                                   
                    profile/grad_norm=0.496,                                    
                    profile/fetch_ms_ranks=[28.6, 19.0, 45.1,                   
                    19.0, 21.7, 18.8, 21.8, 18.9],                              
                    profile/fetch_ms_max=45.100,                                
                    profile/align_ms=1.700,                                     
                    profile/sup_tokens_ranks=[1590, 2501, 2445,                 
                    2725, 2415, 2572, 2693, 2362],                              
                    profile/sup_tokens_skew_max=1.518,                          
                    profile/sup_tokens_skew_min=0.885,                          
                    profile/sup_tokens_spread=0.470,                            
                    mem/alloc_gb=14.700, mem/reserved_gb=50.790,                
                    mem/max_alloc_gb=40.250,                                    
                    mem/max_reserved_gb=50.790, epoch=2,                        
                    lr/DistributedMuon=9.50e-04,                                
                    lr/AdamW=9.50e-05, global_step=66650                        
[13:17:06] INFO     train/confidence_loss=0.271,                  trainer.py:799
                    train/confidence_abs_error=0.204,                           
                    train/confidence_pred_mean=0.679,                           
                    train/confidence_cumprod_bias=-0.016,                       
                    train/loss=0.691, train/ce_loss=0.887,                      
                    train/tv_loss=0.183, train/accept_rate=0.679,               
                    train/accept_len=3.719, train/full_acc=0.692,               
                    train/position_0_acc=0.837,                                 
                    train/position_1_acc=0.757,                                 
                    train/position_2_acc=0.679,                                 
                    train/position_3_acc=0.619,                                 
                    train/position_4_acc=0.565,                                 
                    train/hard_accept_len=3.772,                                
                    profile/fetch_ms=27.802,                                    
                    profile/fwd_ms=520.401,                                     
                    profile/bwd_ms=1.31e+03,                                    
                    profile/opt_ms=991.603,                                     
                    profile/step_ms=2.85e+03,                                   
                    profile/tokens_per_s=1.01e+03,                              
                    profile/fetch_frac=0.010,                                   
                    profile/grad_norm=0.398,                                    
                    profile/fetch_ms_ranks=[27.8, 17.7, 18.6,                   
                    18.7, 19.5, 18.3, 19.5, 19.2],                              
                    profile/fetch_ms_max=27.800,                                
                    profile/align_ms=1.700,                                     
                    profile/sup_tokens_ranks=[2355, 2228, 2597,                 
                    2783, 2670, 1984, 2522, 2647],                              
                    profile/sup_tokens_skew_max=1.247,                          
                    profile/sup_tokens_skew_min=0.889,                          
                    profile/sup_tokens_spread=0.323,                            
                    mem/alloc_gb=14.700, mem/reserved_gb=50.790,                
                    mem/max_alloc_gb=40.250,                                    
                    mem/max_reserved_gb=50.790, epoch=2,                        
                    lr/DistributedMuon=9.50e-04,                                
                    lr/AdamW=9.50e-05, global_step=66651                        
[13:17:09] INFO     train/confidence_loss=0.271,                  trainer.py:799
                    train/confidence_abs_error=0.209,                           
                    train/confidence_pred_mean=0.677,                           
                    train/confidence_cumprod_bias=-0.027,                       
                    train/loss=0.676, train/ce_loss=0.832,                      
                    train/tv_loss=0.177, train/accept_rate=0.690,               
                    train/accept_len=3.742, train/full_acc=0.705,               
                    train/position_0_acc=0.847,                                 
                    train/position_1_acc=0.768,                                 
                    train/position_2_acc=0.693,                                 
                    train/position_3_acc=0.642,                                 
                    train/position_4_acc=0.576,                                 
                    train/hard_accept_len=3.816,                                
                    profile/fetch_ms=33.679,                                    
                    profile/fwd_ms=520.142,                                     
                    profile/bwd_ms=1.34e+03,                                    
                    profile/opt_ms=991.769,                                     
                    profile/step_ms=2.88e+03,                                   
                    profile/tokens_per_s=1.05e+03,                              
                    profile/fetch_frac=0.012,                                   
                    profile/grad_norm=0.573,                                    
                    profile/fetch_ms_ranks=[33.7, 19.0, 20.1,                   
                    19.8, 24.3, 22.4, 24.1, 22.2],                              
                    profile/fetch_ms_max=33.700,                                
                    profile/align_ms=1.900,                                     
                    profile/sup_tokens_ranks=[2446, 2630, 1966,                 
                    2881, 2801, 2387, 2762, 2698],                              
                    profile/sup_tokens_skew_max=1.308,                          
                    profile/sup_tokens_skew_min=0.892,                          
                    profile/sup_tokens_spread=0.356,                            
                    mem/alloc_gb=14.700, mem/reserved_gb=50.790,                
                    mem/max_alloc_gb=40.250,                                    
                    mem/max_reserved_gb=50.790, epoch=2,                        
                    lr/DistributedMuon=9.50e-04,                                
                    lr/AdamW=9.50e-05, global_step=66652                        
[13:17:12] INFO     train/confidence_loss=0.289,                  trainer.py:799
                    train/confidence_abs_error=0.212,                           
                    train/confidence_pred_mean=0.641,                           
                    train/confidence_cumprod_bias=-0.015,                       
                    train/loss=0.758, train/ce_loss=0.996,                      
                    train/tv_loss=0.204, train/accept_rate=0.645,               
                    train/accept_len=3.471, train/full_acc=0.663,               
                    train/position_0_acc=0.824,                                 
                    train/position_1_acc=0.738,                                 
                    train/position_2_acc=0.641,                                 
                    train/position_3_acc=0.581,                                 
                    train/position_4_acc=0.529,                                 
                    train/hard_accept_len=3.562,                                
                    profile/fetch_ms=28.889,                                    
                    profile/fwd_ms=584.439,                                     
                    profile/bwd_ms=1.34e+03,                                    
                    profile/opt_ms=991.890,                                     
                    profile/step_ms=2.95e+03,                                   
                    profile/tokens_per_s=1.03e+03,                              
                    profile/fetch_frac=0.010,                                   
                    profile/grad_norm=0.495,                                    
                    profile/fetch_ms_ranks=[28.9, 18.1, 19.1,                   
                    18.8, 23.1, 18.6, 21.9, 18.8],                              
                    profile/fetch_ms_max=28.900,                                
                    profile/align_ms=1.700,                                     
                    profile/sup_tokens_ranks=[1231, 2342, 2004,                 
                    2291, 2849, 2597, 1603, 2564],                              
                    profile/sup_tokens_skew_max=1.775,                          
                    profile/sup_tokens_skew_min=0.767,                          
                    profile/sup_tokens_spread=0.741,                            
                    mem/alloc_gb=14.700, mem/reserved_gb=50.790,                
                    mem/max_alloc_gb=40.250,                                    
                    mem/max_reserved_gb=50.790, epoch=2,                        
                    lr/DistributedMuon=9.50e-04,                                
                    lr/AdamW=9.50e-05, global_step=66653                        
[13:17:14] INFO     train/confidence_loss=0.277,                  trainer.py:799
                    train/confidence_abs_error=0.207,                           
                    train/confidence_pred_mean=0.685,                           
                    train/confidence_cumprod_bias=-8.12e-04,                    
                    train/loss=0.707, train/ce_loss=0.914,                      
                    train/tv_loss=0.188, train/accept_rate=0.672,               
                    train/accept_len=3.651, train/full_acc=0.687,               
                    train/position_0_acc=0.840,                                 
                    train/position_1_acc=0.753,                                 
                    train/position_2_acc=0.677,                                 
                    train/position_3_acc=0.609,                                 
                    train/position_4_acc=0.556,                                 
                    train/hard_accept_len=3.742,                                
                    profile/fetch_ms=29.382,                                    
                    profile/fwd_ms=559.058,                                     
                    profile/bwd_ms=1.33e+03,                                    
                    profile/opt_ms=993.109,                                     
                    profile/step_ms=2.91e+03,                                   
                    profile/tokens_per_s=1.02e+03,                              
                    profile/fetch_frac=0.010,                                   
                    profile/grad_norm=0.615,                                    
                    profile/fetch_ms_ranks=[29.4, 18.8, 20.0,                   
                    19.3, 23.7, 19.5, 24.0, 19.0],                              
                    profile/fetch_ms_max=29.400,                                
                    profile/align_ms=1.700,                                     
                    profile/sup_tokens_ranks=[2506, 2626, 1478,                 
                    871, 2389, 2991, 2672, 2580],                               
                    profile/sup_tokens_skew_max=2.599,                          
                    profile/sup_tokens_skew_min=0.757,                          
                    profile/sup_tokens_spread=0.936,                            
                    mem/alloc_gb=14.700, mem/reserved_gb=50.790,                
                    mem/max_alloc_gb=40.250,                                    
                    mem/max_reserved_gb=50.790, epoch=2,                        
                    lr/DistributedMuon=9.50e-04,                                
                    lr/AdamW=9.50e-05, global_step=66654                        
[13:17:17] INFO     train/confidence_loss=0.295,                  trainer.py:799
                    train/confidence_abs_error=0.222,                           
                    train/confidence_pred_mean=0.652,                           
                    train/confidence_cumprod_bias=-0.011,                       
                    train/loss=0.761, train/ce_loss=1.000,                      
                    train/tv_loss=0.204, train/accept_rate=0.648,               
                    train/accept_len=3.472, train/full_acc=0.664,               
                    train/position_0_acc=0.821,                                 
                    train/position_1_acc=0.714,                                 
                    train/position_2_acc=0.656,                                 
                    train/position_3_acc=0.586,                                 
                    train/position_4_acc=0.539,                                 
                    train/hard_accept_len=3.540,                                
                    profile/fetch_ms=28.402,                                    
                    profile/fwd_ms=525.065,                                     
                    profile/bwd_ms=1.32e+03,                                    
                    profile/opt_ms=991.688,                                     
                    profile/step_ms=2.87e+03,                                   
                    profile/tokens_per_s=1.02e+03,                              
                    profile/fetch_frac=0.010,                                   
                    profile/grad_norm=0.439,                                    
                    profile/fetch_ms_ranks=[28.4, 18.0, 19.1,                   
                    18.8, 23.3, 18.9, 23.1, 18.0],                              
                    profile/fetch_ms_max=28.400,                                
                    profile/align_ms=1.800,                                     
                    profile/sup_tokens_ranks=[2580, 2278, 2398,                 
                    2656, 1860, 2641, 3031, 2705],                              
                    profile/sup_tokens_skew_max=1.354,                          
                    profile/sup_tokens_skew_min=0.831,                          
                    profile/sup_tokens_spread=0.465,                            
                    mem/alloc_gb=14.700, mem/reserved_gb=50.790,                
                    mem/max_alloc_gb=40.250,                                    
                    mem/max_reserved_gb=50.790, epoch=2,                        
                    lr/DistributedMuon=9.50e-04,                                
                    lr/AdamW=9.50e-05, global_step=66655                        
[13:17:20] INFO     train/confidence_loss=0.297,                  trainer.py:799
                    train/confidence_abs_error=0.224,                           
                    train/confidence_pred_mean=0.639,                           
                    train/confidence_cumprod_bias=-0.017,                       
                    train/loss=0.768, train/ce_loss=0.992,                      
                    train/tv_loss=0.206, train/accept_rate=0.640,               
                    train/accept_len=3.436, train/full_acc=0.660,               
                    train/position_0_acc=0.823,                                 
                    train/position_1_acc=0.720,                                 
                    train/position_2_acc=0.648,                                 
                    train/position_3_acc=0.576,                                 
                    train/position_4_acc=0.530,                                 
                    train/hard_accept_len=3.509,                                
                    profile/fetch_ms=29.042,                                    
                    profile/fwd_ms=554.602,                                     
                    profile/bwd_ms=1.34e+03,                                    
                    profile/opt_ms=991.322,                                     
                    profile/step_ms=2.91e+03,                                   
                    profile/tokens_per_s=991.949,                               
                    profile/fetch_frac=0.010,                                   
                    profile/grad_norm=0.436,                                    
                    profile/fetch_ms_ranks=[29.0, 18.7, 19.1,                   
                    18.6, 23.3, 18.8, 22.8, 19.2],                              
                    profile/fetch_ms_max=29.000,                                
                    profile/align_ms=1.800,                                     
                    profile/sup_tokens_ranks=[2702, 2737, 2474,                 
                    2402, 1243, 1229, 2352, 2498],                              
                    profile/sup_tokens_skew_max=1.794,                          
                    profile/sup_tokens_skew_min=0.805,                          
                    profile/sup_tokens_spread=0.684,                            
                    mem/alloc_gb=14.700, mem/reserved_gb=50.790,                
                    mem/max_alloc_gb=40.250,                                    
                    mem/max_reserved_gb=50.790, epoch=2,                        
                    lr/DistributedMuon=9.50e-04,                                
                    lr/AdamW=9.50e-05, global_step=66656                        
[13:17:23] INFO     train/confidence_loss=0.318,                  trainer.py:799
                    train/confidence_abs_error=0.234,                           
                    train/confidence_pred_mean=0.595,                           
                    train/confidence_cumprod_bias=-0.006,                       
                    train/loss=0.879, train/ce_loss=1.242,                      
                    train/tv_loss=0.243, train/accept_rate=0.581,               
                    train/accept_len=3.109, train/full_acc=0.597,               
                    train/position_0_acc=0.784,                                 
                    train/position_1_acc=0.667,                                 
                    train/position_2_acc=0.561,                                 
                    train/position_3_acc=0.511,                                 
                    train/position_4_acc=0.462,                                 
                    train/hard_accept_len=3.179,                                
                    profile/fetch_ms=31.787,                                    
                    profile/fwd_ms=533.640,                                     
                    profile/bwd_ms=1.32e+03,                                    
                    profile/opt_ms=992.747,                                     
                    profile/step_ms=2.88e+03,                                   
                    profile/tokens_per_s=983.047,                               
                    profile/fetch_frac=0.011,                                   
                    profile/grad_norm=0.571,                                    
                    profile/fetch_ms_ranks=[31.8, 19.5, 20.5,                   
                    20.7, 20.4, 20.2, 20.3, 20.0],                              
                    profile/fetch_ms_max=31.800,                                
                    profile/align_ms=2.000,                                     
                    profile/sup_tokens_ranks=[2358, 2371, 2549,                 
                    2443, 2466, 2744, 2698, 2800],                              
                    profile/sup_tokens_skew_max=1.083,                          
                    profile/sup_tokens_skew_min=0.912,                          
                    profile/sup_tokens_spread=0.173,                            
                    mem/alloc_gb=14.700, mem/reserved_gb=50.790,                
                    mem/max_alloc_gb=40.250,                                    
                    mem/max_reserved_gb=50.790, epoch=2,                        
                    lr/DistributedMuon=9.49e-04,                                
                    lr/AdamW=9.49e-05, global_step=66657                        
[13:17:26] INFO     train/confidence_loss=0.293,                  trainer.py:799
                    train/confidence_abs_error=0.226,                           
                    train/confidence_pred_mean=0.646,                           
                    train/confidence_cumprod_bias=-0.011,                       
                    train/loss=0.761, train/ce_loss=1.008,                      
                    train/tv_loss=0.203, train/accept_rate=0.644,               
                    train/accept_len=3.481, train/full_acc=0.657,               
                    train/position_0_acc=0.826,                                 
                    train/position_1_acc=0.719,                                 
                    train/position_2_acc=0.645,                                 
                    train/position_3_acc=0.575,                                 
                    train/position_4_acc=0.516,                                 
                    train/hard_accept_len=3.535,                                
                    profile/fetch_ms=28.198,                                    
                    profile/fwd_ms=561.124,                                     
                    profile/bwd_ms=1.34e+03,                                    
                    profile/opt_ms=992.101,                                     
                    profile/step_ms=2.92e+03,                                   
                    profile/tokens_per_s=1.01e+03,                              
                    profile/fetch_frac=0.010,                                   
                    profile/grad_norm=0.430,                                    
                    profile/fetch_ms_ranks=[28.2, 18.0, 18.8,                   
                    18.5, 23.0, 22.7, 22.2, 22.8],                              
                    profile/fetch_ms_max=28.200,                                
                    profile/align_ms=1.600,                                     
                    profile/sup_tokens_ranks=[2375, 2772, 2565,                 
                    2856, 2732, 2568, 2756, 2635],                              
                    profile/sup_tokens_skew_max=1.119,                          
                    profile/sup_tokens_skew_min=0.930,                          
                    profile/sup_tokens_spread=0.181,                            
                    mem/alloc_gb=14.700, mem/reserved_gb=50.790,                
                    mem/max_alloc_gb=40.250,                                    
                    mem/max_reserved_gb=50.790, epoch=2,                        
                    lr/DistributedMuon=9.49e-04,                                
                    lr/AdamW=9.49e-05, global_step=66658                        
/home/<USER_A>/miniconda3/envs/dspark-dsv4-compile/lib/python3.11/multiprocessing/resource_tracker.py:254: UserWarning: resource_tracker: There appear to be 44 leaked semaphore objects to clean up at shutdown
  warnings.warn('resource_tracker: There appear to be %d '
/home/<USER_A>/miniconda3/envs/dspark-dsv4-compile/lib/python3.11/multiprocessing/resource_tracker.py:254: UserWarning: resource_tracker: There appear to be 44 leaked semaphore objects to clean up at shutdown
  warnings.warn('resource_tracker: There appear to be %d '
/home/<USER_A>/miniconda3/envs/dspark-dsv4-compile/lib/python3.11/multiprocessing/resource_tracker.py:254: UserWarning: resource_tracker: There appear to be 44 leaked semaphore objects to clean up at shutdown
  warnings.warn('resource_tracker: There appear to be %d '
/home/<USER_A>/miniconda3/envs/dspark-dsv4-compile/lib/python3.11/multiprocessing/resource_tracker.py:254: UserWarning: resource_tracker: There appear to be 44 leaked semaphore objects to clean up at shutdown
  warnings.warn('resource_tracker: There appear to be %d '
/home/<USER_A>/miniconda3/envs/dspark-dsv4-compile/lib/python3.11/multiprocessing/resource_tracker.py:254: UserWarning: resource_tracker: There appear to be 44 leaked semaphore objects to clean up at shutdown
  warnings.warn('resource_tracker: There appear to be %d '
/home/<USER_A>/miniconda3/envs/dspark-dsv4-compile/lib/python3.11/multiprocessing/resource_tracker.py:254: UserWarning: resource_tracker: There appear to be 44 leaked semaphore objects to clean up at shutdown
  warnings.warn('resource_tracker: There appear to be %d '
/home/<USER_A>/miniconda3/envs/dspark-dsv4-compile/lib/python3.11/multiprocessing/resource_tracker.py:254: UserWarning: resource_tracker: There appear to be 44 leaked semaphore objects to clean up at shutdown
  warnings.warn('resource_tracker: There appear to be %d '
/home/<USER_A>/miniconda3/envs/dspark-dsv4-compile/lib/python3.11/multiprocessing/resource_tracker.py:254: UserWarning: resource_tracker: There appear to be 44 leaked semaphore objects to clean up at shutdown
  warnings.warn('resource_tracker: There appear to be %d '
